블랙보드,1371
강의,1180
수업,1067
학생,849
출석,756
문의,714
확인,704
교수,676
줌,600
시험,549
방법,545
조교,497
과제,447
녹화,446
영상,430
콜라보,421
문제,420
접속,416
제출,384
등록,367
수강,351
관련,344
코스,334
락다운,325
로그인,298
브라우저,288
과목,288
설정,286
사용,274
화면,264
파일,259
해결,245
학기,243
교육,240
경우,230
진행,224
자료,219
오류,199
업로드,199
질문,193
체크,191
온라인,187
기록,180
메뉴,167
현재,164
링크,159
이메일,156
이용,153
클래스,152
동영상,149
삭제,148
보이지,141
연락,137
실시간,136
해당,136
메일,134
사항,130
시청,128
청강생,126
대인,125
연결,116
성적,115
학부,115
버튼,115
변경,115
수정,111
입력,108
학교,106
기능,105
분반,104
계정,104
공유,104
학습,104
퀴즈,103
다운,103
신청,103
상태,97
발생,95
다운로드,94
마이크,94
저장,93
점수,93
크롬,93
법정,92
완료,91
카메라,91
컴퓨터,87
대학원,87
청강,86
공지,86
갑자기,85
현황,83
종료,83
학습자,83
시작,81
노트북,81
클릭,80
정상,79
내용,79
자동,79
아이디,79
페이지,78
투라,77
로그,77
채점,76
수강생,76
권한,75
시스템,75
출결,75
표시,74
인정,73
실행,72
안내,72
처리,72
입장,70
센터,70
참여,69
목록,68
주소,67
어제,66
상황,66
인증,66
토론,66
대학원생,65
이름,64
추가,64
작동,63
평등,62
처음,62
수강신청,62
포털,60
이전,60
인정이,60
반영,59
중간고사,58
강사,57
활성화,57
메시지,57
재생,57
인권,56
이수,56
요청,56
의무,55
공개,55
기간,54
업데이트,54
게시,54
지난,53
이후,53
답변,53
결과,53
테스트,51
소리,51
담당,51
응시,51
국제,50
교내,50
정정,50
세션,50
정보,49
교양,48
권장,47
사진,47
선생님,47
메세지,47
비밀번호,47
사이트,47
허용,47
기기,47
회의,47
설치,47
그룹,47
용량,46
학번,46
항목,46
잘못,45
시도,44
과정,44
설문조사,44
에러,44
대학,43
사용자,43
학년,43
강의실,43
영어,43
주차,43
구글,42
고려대학교,42
취소,41
자꾸,41
현상,41
선택,41
옵션,41
관리,41
모바일,40
아이패드,40
세종,40
저번,40
프로그램,39
방금,38
상담,38
어플,38
교시,38
알림,37
보기,37
전체,37
단계,36
고려대,36
인터넷,36
접근,35
의무교육,35
채팅,35
답안,35
피드백,35
발표,35
세미나,35
예정,35
지원,35
도움,35
로딩,35
첨부,34
핸드폰,34
아예,34
연구,33
콘텐츠,33
매뉴얼,33
제한,33
비대,33
미리,32
작성,32
활동,32
게시판,32
캠퍼스,31
안보,31
방식,31
연동,31
경영,31
활용,30
비디오,30
정의,30
뭔가,30
정답,30
신입생,30
맥북,30
자유,29
유튜브,29
연구윤리,29
참고,29
내일,29
진도,29
고대,29
이유,28
부여,28
실수,27
진리,27
수고,27
말씀,27
지속,27
중간,27
연습,26
조회,26
그대로,26
기존,26
클라우드,26
재학,26
제공,26
보고서,26
강좌,26
개설,26
기말고사,25
관해,25
도구,25
배속,25
오후,25
조치,25
입실,25
계절,24
예전,24
아래,24
오디오,24
검사,24
한자,24
일괄,23
데이터,23
평가,23
일부,23
직접,23
사회,23
본인,23
표절,23
출제,22
계획,22
대면,22
한국어,22
지정,22
일반,22
방안,22
날짜,22
출력,21
설명,21
인지,21
아이콘,21
드라이브,21
마감,21
특정,20
졸업,20
전화,20
포탈,20
융합,20
왼쪽,20
웹캠,20
기초,20
이해,20
먼저,19
녹화물,19
복구,19
검색,19
별로,19
려고,19
쿠키,19
문구,19
수료,19
서버,19
아무,19
마지막,18
자정,18
과학,18
녹강,18
사람,18
관리자,18
엑셀,18
개별,18
불구,18
미디어,18
반복,17
이수증,17
코드,17
참석,17
초과,17
형식,17
언어,17
실시,17
진행중,17
호스트,17
인간,17
전달,16
모드,16
미팅,16
이러닝,16
업무,16
결석,16
실험,16
자율,16
교과목,16
유예진,16
윤리,15
학과,15
변환,15
가이드,15
보드,15
중국,15
프로젝트,15
최종,15
글쓰기,15
로그아웃,15
와이파이,15
문의사항,15
컨텐츠,14
문항,14
이미지,14
일시,14
이동,14
기준,14
아침,14
기본,14
박사,14
응답,14
해제,14
정책,14
필요,14
번호,14
음성,14
스트림,14
자연,14
대체,13
삽입,13
첨부파일,13
포함,13
영강,13
동시,13
도중,13
일정,13
가입,13
좌측,13
하루,13
메뉴얼,13
슬라이드,13
경제,13
전공,13
오전,13
통한,13
인원,13
정지,13
회의실,13
서울,13
정가,13
워드,13
설문,13
열람,13
시험지,13
시행,13
준비,12
목소리,12
보나,12
소프트웨어,12
신분,12
아이폰,12
예약,12
꿀팁,12
오른쪽,12
글로벌,12
중국어,12
교육대학,12
환경,12
의미,12
팝업,12
영향,12
투표,12
문자,12
게스트,12
지도,12
일반물리학,12
드림,12
실제,12
블보,12
비번,12
장애,12
코멘트,12
주시,12
클라스,12
이외,11
오픈,11
분명,11
외국인,11
복학,11
명단,11
휴학,11
승인,11
전화번호,11
별도,11
휴대폰,11
운영,11
스스로,11
외부,11
배너,11
홈페이지,11
마찬가지,11
심리,11
프로필,11
횟수,11
목요일,11
두번째,11
필기,11
기술,11
윈도우,11
기한,11
배경화면,11
서비스,11
리스트,11
그림,10
복사,10
네트워크,10
남아,10
메인,10
발급,10
워크숍,10
인수,10
년도,10
졸업생,10
안녕,10
나중,10
작년,10
중이,10
듣기,10
수학,10
가능,10
하단,10
행정,10
배경,10
재학생,10
제작,10
적용,10
정치,10
의견,10
차단,10
논문,10
알람,10
오지,10
담당자,10
수신,10
콜레보레이트,10
최근,10
모의,10
전원,10
인식,10
퇴실,10
시점,9
오류로,9
강제,9
기억,9
통계,9
얼굴,9
친구,9
개강,9
폴더,9
시간표,9
교번,9
연락처,9
태블릿,9
개인정보,9
어흥님,9
상의,9
싱글,9
고생,9
대신,9
강정,9
참가,9
미리보기,9
석사과정,9
문화,9
용법,9
스마트폰,9
걱정,9
항만,9
주신,9
버전,9
월요일,9
거기,9
원인,9
유투브,9
가끔,9
브라우져,9
학우,9
원격교육,9
감사,9
객관,9
감독,9
상법,9
김다정,9
먹통,8
데스크탑,8
증명,8
겨울,8
개선,8
논술,8
초기,8
실습,8
커먼,8
그게,8
정신,8
순서,8
유지,8
중단,8
한국,8
연구실,8
정기,8
보통,8
존재,8
사파리,8
대부분,8
관계,8
순간,8
미적분학,8
원론,8
차이,8
보안,8
생각,8
지난주,8
경제학,8
학점,8
지난번,8
분석,8
항상,8
그것,8
자주,8
주의,8
평소,8
경로,8
최대,8
정보보호,8
소속,8
비공개,8
블랙,8
보건,8
능력,8
패스워드,8
동계,7
문서,7
중복,7
녹음,7
한글,7
예방,7
정리,7
어플리케이션,7
카테고리,7
디지털,7
일반화학,7
형태,7
한가지,7
거부,7
이용자,7
재활,7
회신,7
팝업창,7
마우스,7
다음주,7
과거,7
작업,7
누락,7
기계공학,7
사전,7
절차,7
유형,7
배포,7
교과,7
이론,7
전환,7
크기,7
몇몇,7
김남,7
유선,7
문과,7
미분기하학,7
금요일,7
경영학,7
컬럼,7
근대,7
감점,7
백업,7
운영체제,7
레포트,7
중지,6
복수,6
피피티,6
수료증,6
공용,6
외국어,6
실패,6
조교수,6
도메인,6
제외,6
내의,6
구글드라이브,6
코스룸,6
저녁,6
세계,6
공학,6
이어폰,6
튕겨,6
커뮤니티,6
생명과학,6
원격,6
현대,6
발송,6
속도,6
공통,6
금일,6
달리,6
박스,6
부탁,6
화일,6
사실,6
외교학,6
툴라,6
닉스,6
미래,6
정해진,6
학점교류,6
협력,6
전송,6
보지,6
지능,6
근로,6
슬라이드쇼,6
새로고침,6
원격지원,6
지장,6
가운데,6
어려움,6
진로,6
커먼스,6
모양,6
수요일,6
국문학,6
일전,6
공간,6
이면,6
한지,6
이슈,6
인시,6
소감,6
탑재,6
교원,6
일주일,6
초로,6
여름,6
코로나,6
대여,6
칼럼,6
챗봇,5
수내역,5
장애인,5
차별,5
충돌,5
표기,5
대비,5
러닝,5
로컬,5
민법,5
피씨,5
수동,5
제거,5
콜라보레이션,5
숙제,5
시민,5
참가자,5
지각,5
가상,5
직원,5
화상,5
타고,5
확인가능,5
교환학생,5
보라색,5
필수,5
정시,5
댓글,5
가기,5
반도체,5
물리,5
휴학생,5
전기,5
방법론,5
달라,5
쪽지,5
심리학,5
불가능,5
전자공학,5
저작권,5
생명공학,5
에어팟,5
경고,5
스마트,5
전산기,5
기계제도,5
장학생,5
엣지,5
김수정,5
임시,5
얘기,5
소개,5
버퍼링,5
출시,5
파란색,5
세부,5
일요일,5
물리학,5
빈칸,5
텍스트,5
암호,5
보아,5
세팅,5
가량,5
수행,5
스포츠,5
구성,5
석사,5
보라,5
영문,5
은행,5
동그라미,5
편집,5
위치,5
모니터링,5
산학,5
주가,5
안해,5
일자,5
화요일,5
의존,5
자격,5
개론,5
일반생물학,5
일치,5
헌법,5
접종,5
문학사,5
레지스트리,5
리뷰,4
물이,4
당시,4
차원,4
종종,4
튕김,4
테블릿,4
명시,4
파악,4
가야,4
쿠카,4
이브,4
인지도,4
주일,4
추후,4
리기,4
김민호,4
나머지,4
허락,4
오프라인,4
병행,4
성함,4
안뇽,4
검은색,4
루트,4
주제,4
정렬,4
자리,4
새내기,4
회원,4
통화,4
블루투스,4
배점,4
눌려,4
글씨,4
동일,4
상이,4
수락,4
포럼,4
수린,4
바이오,4
탐색,4
사고,4
보관,4
무관,4
플랫폼,4
무크,4
식품,4
프로필사진,4
중문,4
드랍,4
반도,4
기계,4
라면,4
패스,4
초반,4
며칠,4
특강,4
화공,4
프로,4
서술,4
무시,4
건축,4
환경공학,4
임의,4
섹션,4
리포트,4
액세스,4
완성,4
백지,4
금융,4
교육조교,4
무제한,4
조정,4
차서,4
포맷,4
출첵,4
응용,4
이틀,4
카톡,4
트리,4
쓰기,4
서로,4
시로,4
전산,4
윤민수,4
찾기,4
절전,4
카카오,4
근무,4
마이,4
국어,4
있을런지,4
상세,4
행정법,4
최소,4
제목,4
이안,4
삼성,4
핫스팟,4
가면,4
학생증,4
용도,4
당일,4
유주,4
로드,4
무한,4
종교,4
최초,4
코딩,4
엑세스,4
증빙,4
고시,4
클리,4
미팅룸,4
복원,4
고사,4
타이머,4
치면,4
지나,4
일본어,4
서도,4
노출,4
템플릿,4
만점,4
이분,4
지문,4
상반기,4
연구원,4
가을,4
입학,4
방지,4
확장자,4
변화,4
대운하,4
양재영,4
후생유전학,4
시경,4
사이,4
전의,3
제물,3
요구,3
해주시,3
이경우,3
마킹,3
애플,3
구체,3
연경,3
반의,3
자만,3
솔루션,3
일로,3
만료,3
금전,3
공동,3
복학생,3
교재,3
실례,3
구성원,3
화학,3
하위,3
선정,3
고자,3
가로,3
웹페이지,3
평론,3
인쇄,3
체성,3
기입,3
콜랩,3
교육학,3
크게,3
와콤,3
개시,3
차이점,3
개발,3
풀이,3
마크,3
좌당,3
포털사이트,3
미디어학,3
분할,3
가나,3
의문,3
상단,3
분리,3
무리,3
무료,3
디스,3
반응,3
패드,3
강인원,3
발견,3
이구,3
바람,3
동선,3
이은비,3
군대,3
정상화,3
장선호,3
라며,3
송출,3
칠판,3
촬영,3
핵심,3
사랑,3
법학,3
일찍,3
시대,3
로고스,3
세기,3
오류메시지,3
심화,3
생태학,3
버즈,3
부가,3
호랑이,3
나열,3
드롭,3
튕겨져,3
체크박스,3
제도,3
편성,3
점검,3
작전,3
프로세스,3
누가,3
넣기,3
일일,3
조작,3
탈퇴,3
전과,3
동작,3
계산,3
면서,3
통지,3
물의,3
문제점,3
배정,3
브레이크아웃,3
신지,3
자의,3
숫자,3
과제탭,3
버그,3
통과,3
인문,3
합동,3
생활,3
렌더링,3
새탭,3
신소재공학,3
우측,3
로스쿨,3
입문,3
토요일,3
토의,3
지침,3
차례,3
논리학,3
회색,3
마이크로소프트,3
마음,3
철회,3
역사교육,3
보강,3
지시,3
사정,3
제생,3
수식,3
기호,3
건의,3
음악,3
여야,3
운영자,3
새벽,3
정해,3
경유,3
대상,3
몇번,3
안나,3
교류,3
튕기,3
단일,3
된거,3
익숙,3
멤버,3
재료,3
최신,3
신청서,3
할당량,3
화살표,3
양식,3
수도,3
시오,3
주간,3
규정,3
갱신,3
캡쳐,3
숨기,3
원우,3
캔버스,3
조절,3
블로그,3
분만,3
금지,3
색깔,3
빨간색,3
경선,3
앞서,3
대기,3
신경,3
학생용,3
기재,3
음소거,3
소재,3
어디가,3
큐피드,3
보건학,3
백신,3
시간대,3
경험,3
신입,3
생강,3
분경,3
실체,3
언급,3
주도,3
폐강,3
요건,3
경운,3
도서관,3
캄지,3
여백,3
보시,3
조언,3
검토,3
작문,3
기관,3
논리,3
산출,3
배부,3
성별,3
이정일,3
별개,3
트래킹,2
사학,2
이훈,2
매일,2
튜토리얼,2
예시,2
그다음,2
한글파일,2
예정자,2
부서,2
라이센스,2
등록금,2
명의,2
안녀,2
분과,2
화가,2
구해,2
예입,2
일어나지,2
직후,2
어쩌구,2
선호,2
싸이트,2
전면,2
과기대,2
오형엽,2
시가,2
한시,2
시반,2
월달,2
소통,2
설문지,2
와중,2
김형,2
콜라,2
확대,2
라이브,2
초록색,2
온라인교육,2
안함,2
거리,2
국어학,2
시계,2
오리엔테이션,2
전용,2
김미라,2
독일어,2
베너,2
언어학,2
전통문화,2
지원이,2
대기실,2
지메일,2
스레드,2
저절로,2
월수,2
이야기,2
랩탑,2
계좌,2
유시,2
생기,2
이창,2
화이팅,2
사운드,2
여명,2
명인,2
좋을런지,2
안정,2
임용,2
정재호,2
인트,2
컬렉션,2
대화,2
특수,2
진경,2
노력,2
형성,2
치룰,2
생산,2
조직행동론,2
채널,2
서양,2
비지니스,2
그동안,2
창업,2
윤순,2
정재,2
고해,2
이모지,2
현석,2
코너,2
성과,2
디스플레이,2
확정,2
정혜,2
허유리,2
스피커,2
의공학,2
세로,2
아웃,2
역할,2
장훈,2
음으로,2
이수연,2
회정,2
간호학,2
농구,2
동의,2
예산,2
간만,2
마이크로,2
실강,2
한쪽,2
정이,2
공과대학,2
김중훈,2
김태욱,2
시연,2
신정민,2
한참,2
박재원,2
장시간,2
브레이크,2
분동,2
주로,2
만드나,2
아마,2
사라,2
상대방,2
바이트,2
저가,2
부정행위,2
곧바로,2
윤정,2
참고자료,2
푸시,2
유지원,2
단어,2
신현탁,2
준우,2
번은,2
생기지,2
오피스,2
컴융,2
임영희,2
행정학,2
이지은,2
질의,2
조명,2
플레이어,2
호돌이,2
상관,2
요청서,2
기숙사,2
분전,2
화상회의,2
박지영,2
대표,2
캐시,2
연장,2
투자,2
경제성,2
대형,2
만반,2
그거,2
지식,2
요즘,2
유독,2
움직,2
문장,2
김재혁,2
우주,2
정세훈,2
희진,2
퇴장,2
참여자,2
한도,2
보호,2
한주,2
준수,2
재차,2
원활,2
미분,2
기하,2
확보,2
종강,2
붙여넣기,2
증상,2
가복,2
지론,2
산업,2
파일공유,2
방문,2
구동,2
인제,2
카페,2
근대사,2
메모,2
마무리,2
정현,2
단체,2
공휴일,2
파워포인트,2
다해,2
호정,2
웹사이트,2
지웅,2
라인,2
행렬,2
김관,2
글자,2
디폴트,2
국학,2
체험,2
주전,2
일지,2
하드웨어,2
가속,2
인적,2
자퇴,2
평균,2
메뉴바,2
모니터,2
조직,2
진단,2
주지,2
랜덤,2
기반,2
회사,2
인후,2
가도,2
두서,2
건물,2
출입,2
흰색,2
전자기,2
조현준,2
공업,2
수경,2
본적,2
학적,2
연구소,2
김영,2
유저,2
패키지,2
참조,2
푸나,2
음악이론,2
팀별,2
모임,2
세팅할,2
사각형,2
더블클릭,2
바탕,2
가치,2
추출,2
복습,2
공부,2
정원,2
주관,2
안눌립니,2
혼란,2
계류,2
사유,2
일일이,2
이진원,2
스트레스,2
감정,2
조로,2
봉사,2
인걸,2
등급,2
비율,2
방학,2
중국인,2
반입,2
운동,2
튕겼다,2
김소희,2
은솔,2
생년,2
월일,2
전문,2
하반기,2
박정,2
네이버,2
통합로그인,2
매년,2
불이익,2
귀하,2
몽골,2
엘흐메,2
냉동,2
학업,2
코칭,2
모종,2
조속,2
양해,2
계산화학,2
대처,2
스팸메일,2
성적표,2
다중,2
의과학,2
썸네일,2
에너지,2
진동,2
이학범,2
블렉,2
내장,2
품질,2
사태,2
성법,2
한해,2
어서,2
최병국,2
기계공,2
스케쥴,2
법전,2
연구생,2
막대,2
가보,2
이동해,2
민사,2
수자원,2
통합,2
촉매,2
교육과정,2
이상현,2
할당,2
민영,2
회로,2
입퇴실,2
매기,2
직위,2
재부팅,2
대상자,2
유학생,2
익명,2
문정,2
익스플로러,2
자격증,2
취득,2
성인,2
데이터베이스,2
합격,2
자능,2
비롯,2
적도,2
여태,2
고문,2
라운드,2
치루었는데,2
동료평가,2
최혜진,2
종류,2
송수민,2
야합,2
서류,2
재수강,2
집단,2
노사,2
신창섭,2
문학,2
진입,2
전략,2
실용,2
일도,2
경제사,2
예행,2
스크린,2
철학,2
부족,2
알기,2
김아연,2
샘플,2
화질,2
엄상,2
김병국,2
입력기,2
번만,2
당사,2
개편,2
제재,1
증거,1
재체점,1
암벽등반,1
김인,1
안고,1
야호,1
낼때,1
제때,1
캐쉬,1
퀴클리,1
홍보,1
유혜정,1
말기,1
바보,1
폭력,1
이지영,1
풀기,1
하나로,1
한국인,1
금주,1
고지서,1
장기간,1
디다,1
정연,1
안이,1
상위,1
거울,1
제품디자인,1
성업,1
현장,1
대학생,1
세포생물학,1
고용,1
사이버,1
궁금힙니,1
일산,1
물릿,1
서울특별시,1
성북구,1
안암로,1
음영,1
계정연,1
동이,1
위키,1
미학,1
예술,1
송희경입니,1
상강,1
학과목,1
자료구조,1
이내,1
유전학,1
지성,1
중임,1
토픽,1
선착순,1
우선권,1
폴링,1
쿠타,1
문법,1
국어생활,1
강위,1
신호처리,1
김태곤,1
형사법,1
조인,1
힌대,1
이벤트,1
삼국유사,1
도데,1
유니코드,1
현대문학,1
젠더,1
오라,1
신현석,1
규민,1
유전체학,1
곽진,1
노특북,1
브레이,1
장윤,1
스톤,1
교려,1
대학교,1
박희,1
수입,1
렌트,1
그래프,1
실라,1
버스,1
직전,1
쓰앵님,1
대학교육,1
시기,1
회화,1
상윤,1
대시,1
산책,1
고형,1
깜빡,1
장정,1
마케팅,1
마이스페이스,1
황은진,1
곽창모,1
라보,1
기업,1
김유미,1
다문화,1
대의,1
평생교육,1
민사재판,1
실무,1
안드로이드,1
야마모토,1
의뢰,1
조성,1
스트리밍,1
내한,1
모집,1
블럭,1
윤아,1
그래픽스,1
육군사관학교,1
장현태,1
생도,1
갤럭시,1
두시,1
임호,1
션스,1
클립,1
본문,1
이어트,1
중앙,1
전반,1
뷰잉,1
초대,1
이기성,1
신규,1
저작권법,1
위배,1
아보,1
계쏙,1
빗금,1
도구로,1
이모티콘,1
아주,1
래그,1
파일형식,1
도움말,1
지희,1
가안,1
불량,1
어뗳,1
사양,1
독성학,1
김건,1
승락,1
리딩,1
무기,1
무기명,1
모로,1
점선,1
거만,1
상호작용,1
초상권,1
알수,1
멀티블랭크,1
체점,1
문성현,1
아지,1
일환,1
율과,1
양쪽,1
진행자,1
다양성,1
송출할,1
몰래,1
여신,1
국문과,1
김종훈,1
생화학,1
연필,1
협상,1
어케,1
통론,1
익일,1
사회과학,1
김근홍,1
주마,1
발명,1
설정탭,1
궁금증,1
답글,1
이성우,1
줌등,1
아이맥,1
일체,1
줌과,1
세론,1
사무실,1
깨달,1
강시,1
세트,1
성의,1
예술법,1
김민수,1
스킵,1
박정호,1
생태,1
손요,1
빅데이터,1
서울대학교,1
후의,1
거도,1
네모,1
번복,1
트어케,1
의료,1
책임,1
김세연,1
박종규,1
불가,1
주소창,1
자물쇠,1
이상빈,1
전력,1
고급,1
김남효,1
김종,1
경제개발,1
김재,1
재정,1
윤상,1
유난희,1
조합,1
게이지,1
최지원,1
장물,1
시티,1
물순환,1
저히,1
간전,1
박수민,1
골프,1
메모리,1
가까이,1
버팅,1
인공,1
표준,1
갈수,1
보완,1
라이,1
업로,1
꿀팀,1
가정,1
주행,1
생명,1
과학부,1
김옥,1
오타,1
신상,1
전해,1
참석자,1
동명이인,1
구별,1
유용근,1
이시은,1
별문제,1
플렛폼,1
스텀,1
취합해,1
김현지,1
김학,1
김민기,1
객체,1
졋습,1
제출물로,1
파생,1
상품,1
접근권,1
분후,1
잡음,1
일어나고,1
무선인터넷,1
각기,1
일어나서,1
조명희,1
하이퍼링크,1
남뚜르님,1
선발,1
광고,1
조인영,1
교직,1
적성,1
인성,1
침해,1
저촉,1
일인,1
보존,1
안봣는데,1
순서대로,1
호명,1
선생,1
요약,1
회사법,1
프로파일,1
지점,1
강승윤,1
도시,1
김동원,1
황인,1
항의,1
음질,1
동아시아사,1
알파벳,1
칼퇴,1
핸폰,1
종전,1
거주,1
연구자,1
튕깁니,1
위쪽,1
재무회계,1
고장,1
최정혜,1
독창,1
터치,1
수업탭,1
이수만,1
컷트라,1
블보상,1
김아름,1
형광,1
윤건,1
답장,1
연락망,1
뉴미디어,1
법제,1
전통,1
상하,1
반대,1
치루어,1
공공정책,1
비즈니스,1
권순,1
다큐멘터리,1
이욯해,1
스크립트,1
년전,1
수년,1
손애리,1
곽다인,1
이선호,1
독수리,1
부재,1
어덯,1
칼투랄,1
대괄호,1
오름,1
차순,1
도록,1
휴지통,1
소실,1
참관,1
회차,1
주장,1
가라,1
큊즈,1
없을런지,1
허탕,1
무지개,1
토탈,1
요새,1
권홍,1
윤님,1
강철,1
정성,1
황희,1
과반수,1
미만,1
나가요,1
정속,1
도로,1
고하,1
수중,1
사학사,1
혁명,1
게임,1
유한,1
안남,1
키노트,1
애니메이션,1
여타,1
넘김,1
금방,1
박태규,1
재민,1
정병,1
후연,1
구원,1
안대,1
사횽,1
소용,1
수정과,1
바법,1
도대체,1
레코드,1
재원,1
옆모습,1
미적분,1
황원,1
가득,1
신임,1
휴강,1
외국,1
임명,1
내외,1
실의,1
회수,1
한적,1
한솔,1
본가,1
주민,1
등록증,1
콘테츠,1
영문표기,1
부인,1
이관형,1
송인,1
물리화학,1
기능성식품,1
윤주경,1
최윤서,1
윤리학,1
알트탭,1
클래식,1
감상,1
교무,1
무제,1
확장,1
겸임,1
여기저기,1
다발,1
이정재,1
짝짓기,1
배치,1
칼슘,1
정량,1
어떠헤,1
백지현,1
직무,1
공시,1
후배,1
식물병리학,1
디자인,1
발상,1
김현,1
이승,1
김태희,1
우일,1
대강,1
보홀,1
대관,1
제언,1
튜터,1
주말,1
공백,1
로스,1
네넵,1
튕긴,1
거꾸로,1
신채린,1
미생물,1
병리학,1
솔지,1
숙지,1
만발,1
눌리,1
접속장애,1
미국문학,1
정담,1
인프라,1
고고,1
미술사학,1
세진,1
소모,1
날로,1
세뇨,1
접수,1
자시,1
브러,1
온라인수업,1
김미희,1
바탕화면,1
카드,1
뉴스,1
미지,1
완강,1
환공,1
성윤,1
새로이,1
채주희,1
하교,1
메신저,1
중어,1
이지예,1
이의제기,1
정재민,1
생체재료,1
등장,1
원노트,1
치명,1
식별,1
서면,1
장치,1
가정교육,1
일수,1
김민영,1
초록불,1
시라,1
마구,1
점심식사,1
가상화,1
장하,1
블책,1
성공,1
노란색,1
이동섭,1
회계,1
압축,1
칼추,1
용지,1
에러메시지,1
최현준,1
체팅,1
기술자,1
봣는데,1
양승진,1
계림,1
연설,1
플레이,1
온건,1
인문학,1
일과,1
커서,1
시정,1
박만,1
사용설명서,1
오프,1
건데,1
서준우,1
독일학,1
루아,1
교환,1
공대,1
족보,1
브랙,1
용이,1
조취,1
박정현,1
하드디스크,1
양우석,1
유쥬선,1
출전,1
경과,1
컾럼,1
구간,1
일어난다,1
사망진단서,1
서식,1
어딘가,1
작곡,1
기음,1
비상,1
스타트업,1
반면,1
단순,1
납부,1
강성모,1
인대,1
입금,1
정지선,1
신호,1
상우,1
은어,1
본도,1
더욱,1
교양과목,1
최저,1
이재성,1
거시경제,1
은비,1
정준영,1
구현,1
프록토링,1
세번,1
요가,1
양성평등,1
몇개,1
김현수,1
그리기,1
맥용,1
판단,1
하소,1
서요,1
만들뗴,1
버젼,1
무작위,1
분위,1
우진,1
만족도,1
조사,1
미스,1
소화,1
스코어,1
나타남,1
미디어법,1
대장,1
사인,1
김소정,1
특임,1
채완호입니,1
써머,1
스쿨,1
생인,1
하야,1
통째,1
호기,1
레버,1
녹색,1
양윤,1
비수,1
래서,1
파트,1
안년,1
성균관대,1
김동욱,1
김용찬,1
강읭할,1
수증,1
생성자,1
유적지,1
공연장,1
그저께,1
시간제,1
김동진,1
어떠케,1
매시업,1
김중혁,1
동녘,1
에고,1
박서욱,1
한문학,1
사용성,1
보안등,1
유출,1
불만,1
만드넌법,1
최적화,1
괴목,1
청안,1
해설,1
귀국,1
운용,1
움직임,1
건강,1
성해,1
통계학,1
정환,1
김대,1
기용,1
이성욱,1
수인,1
고요,1
김희원,1
메시,1
지기,1
편이,1
짤려,1
힌해,1
오늘이,1
경영정보,1
최윤,1
이상훈,1
직접세,1
켯는데,1
킬수,1
스케쥴링,1
사선,1
워터마크,1
팀티칭,1
비밀,1
바르게,1
태구,1
사구조,1
바이오매스,1
특론,1
판서,1
강의셋팅,1
김찬,1
레디스,1
트림,1
초전도,1
류윤열입니,1
스페인어,1
유입,1
범유,1
이병훈,1
하이,1
미연,1
것일,1
갑사,1
고정,1
도저히,1
관료제,1
기적,1
결함,1
백승주,1
응대,1
설계,1
정방,1
선태,1
태만,1
만이,1
무었,1
음량,1
심리검사,1
법의학,1
화창,1
좀더,1
개개인,1
최은철,1
이용권,1
구매,1
리해,1
인사,1
급여,1
로고,1
분지,1
안형식,1
연속,1
성교육,1
성하,1
노선,1
김수진,1
국문,1
전이,1
일회용,1
교실,1
갤럭시탭,1
양윤의,1
자막,1
초서,1
해독,1
쪼그,1
되풀이,1
화목,1
선형,1
모형론,1
외교,1
박천,1
도법,1
코습,1
표면,1
장소,1
조직론,1
분간,1
후반,1
타당,1
점심시간,1
마인더,1
쿠글루,1
타블렛,1
생일,1
스크롤,1
안예은,1
플러그인,1
청년,1
발달,1
스카이프,1
학회,1
전자메일,1
듭니,1
음향,1
파티,1
마침,1
박광테,1
정선,1
취해,1
방사선,1
악용,1
정광필,1
중세사,1
재트리버,1
오오,1
웹브라우저,1
법무,1
홍길동,1
모듈,1
제시,1
실애,1
랠스,1
알임,1
배열,1
김승재,1
이체,1
널널,1
이르키,1
발부,1
가능성,1
트윈,1
모델링,1
권혁,1
다중로그,1
대쉬,1
방열기,1
아동,1
박은빈,1
스캔,1
곳좀,1
저런,1
현덕,1
실적,1
재발,1
비콘,1
트랙,1
증가,1
김재영,1
제기,1
스토,1
답신,1
원본,1
파트너,1
최선우,1
복지국가,1
종합,1
행복,1
정예원,1
미완성,1
강용,1
김대현,1
치가,1
장방,1
소유자,1
부상,1
인내,1
손지량,1
문제해결,1
추석,1
연휴,1
그롭,1
조원,1
약관규제법,1
대규모,1
변동,1
필터,1
차승현,1
일생,1
고려인,1
접곳,1
된량,1
할당된량,1
유체역학,1
이예원,1
김은숙,1
듯이,1
대책,1
진해,1
대체공휴일,1
이공,1
하란,1
말슴,1
눈알,1
와부,1
외부성,1
허세,1
성덕,1
현빈,1
송출되는,1
인크래스,1
수학과,1
이희성,1
회전,1
이숙,1
어케써용,1
관려,1
조의,1
무조건,1
김재윤,1
추적,1
일학년,1
간혹,1
어도비,1
녹회물,1
태그,1
국내,1
고지,1
환경설정,1
김영찬,1
인증서,1
손상,1
런가,1
의사소통,1
리더십,1
미숙,1
분홍색,1
원만,1
변형,1
무거워,1
자꾸만,1
아농,1
잘되지,1
가늠,1
과도,1
타일,1
축구,1
양성,1
김하늘,1
요일,1
김호,1
평상시,1
초도,1
척도,1
처레,1
커먼즈,1
추천,1
속출,1
원중,1
업체,1
원호,1
위원회,1
주년,1
기념,1
학술,1
마잍,1
포트,1
유럽,1
누군가,1
기도,1
안재용,1
정상인,1
우려,1
민데,1
서지훈,1
희곡,1
로나,1
최민용,1
선형대수,1
패턴인식,1
표현,1
무방,1
프린트,1
하열,1
소송,1
트등,1
을해,1
수단,1
디어,1
세명,1
시험탭,1
불도,1
구가,1
대응,1
과대,1
정교수,1
원상,1
엑스,1
깜박,1
무늬,1
막상,1
모서리,1
해셜,1
특허,1
허가,1
맞춤,1
미처,1
매치,1
목적,1
식당,1
식단,1
충족,1
숙달,1
부득이,1
트레이닝,1
공조,1
유동연,1
구실,1
세원,1
게재,1
굿모닝,1
병장,1
나타,1
사례,1
낭노,1
알리,1
가동,1
고체역학,1
김경하,1
전재욱,1
패턴,1
물어,1
통신사,1
케이티,1
유서,1
타입,1
서치,1
라틴,1
아베,1
리카,1
소설,1
배지,1
인계,1
중도,1
발표회,1
개정,1
개최,1
도락,1
분량,1
차후,1
사회학,1
치기,1
정재훈,1
재사용,1
후회,1
표준편차,1
반납,1
출연,1
대출,1
생리학,1
요로,1
개요,1
피디,1
장영수,1
이화,1
자하,1
에세이,1
이만,1
조편성,1
정보공,1
민정,1
행위,1
의심,1
눌린,1
편지,1
금보,1
나용,1
의대,1
유임,1
건너,1
제지,1
출신,1
라거,1
형옥,1
이수자,1
통보,1
달성,1
이중,1
정은수,1
정작,1
게로,1
내용물,1
장종,1
작시,1
동아시아,1
지지,1
가격,1
초청,1
개중,1
셨습,1
명정,1
독어,1
독문학,1
이정,1
무언가,1
삼국사기,1
고려사,1
최희준,1
나니,1
위험,1
협동,1
정수론,1
교육평가,1
코스탭,1
고파스,1
똑똑,1
오입,1
어문학,1
유사,1
점점,1
기획,1
호진,1
강독,1
교대,1
인지심리학,1
조용성,1
기후변화,1
이지원,1
정신건강,1
노정,1
영재교육,1
범주,1
박선환,1
도란,1
회복,1
이주원,1
동아리,1
전염병,1
신학,1
가용,1
원어민,1
하필,1
일어,1
우결,1
버드,1
세미,1
임박,1
박수빈,1
일석,1
유기화학,1
이재혁,1
전만,1
치룬,1
골치,1
스팸처리,1
일본,1
인경,1
건축학,1
윤동주,1
호봉,1
승급,1
정석,1
열거,1
지구,1
김지은,1
오른,1
드래그앤드롭,1
계량,1
파일서버,1
곤혹,1
캡처,1
논점,1
배터리,1
크롤,1
도달,1
핬다,1
정규,1
이기,1
재희,1
사장,1
프레임,1
가시,1
수확,1
신민정,1
다현,1
이기대,1
하향,1
염려,1
모의고사,1
멀티미디어,1
마련,1
갤러리,1
퍼블리쉬,1
온라인강좌,1
권고,1
결정,1
퀵클리,1
근거,1
박수,1
프레,1
테이,1
서하면,1
일절,1
국가,1
지표,1
교외,1
스시,1
미래관,1
알려줭,1
덕분,1
김영준,1
유래,1
조건,1
다솜,1
보트,1
스퀘어,1
정연주,1
특징,1
시뮬라크르,1
제호,1
공란,1
성폭력,1
은성,1
청양,1
채운,1
공유기,1
능이,1
보도,1
감샤합니,1
최고,1
위로,1
앞뒤,1
닾위,1
이지,1
할런지,1
월말,1
박서연,1
경영통계,1
당황,1
여파,1
발열,1
특화된,1
이해해,1
될런지,1
최종성,1
연세대,1
튕길,1
입증,1
트래킹할,1
홀수,1
짝수,1
회재,1
청취,1
되돌리기,1
김미정,1
간호,1
임재,1
전북대,1
송시,1
전종,1
재정학,1
줫습,1
어딘,1
그간,1
한선,1
배윤재입니,1
등수,1
순위,1
현성,1
이동훈,1
보우,1
평점,1
츨력,1
따로따로,1
이은서,1
교육부,1
방침,1
안산,1
병원,1
이비인후과,1
