감사하다,7898
확인,7288
교수,6965
드리다,6605
해주다,5038
문의,4831
블랙보드,4634
학생,4444
강의,4280
출석,4143
수업,4027
영상,3734
답변,3511
설정,3355
문제,3058
내용,3009
안녕하다,2966
시험,2870
해보다,2854
하루,2802
경우,2785
보내다,2614
좋다,2605
메뉴,2590
코스,2564
뜨다,2379
궁금하다,2367
접속,2352
께서,2340
사용,2285
편하다,2230
로그인,2172
들어가다,2109
조교,2100
가능하다,2099
남기다,2067
종료,2065
방법,2015
해당,2011
발생,1985
등록,1877
맞다,1863
클릭,1837
두시,1832
화면,1814
제출,1814
부탁드리다,1790
녹화,1759
누르다,1759
많다,1747
과제,1741
브라우저,1734
삭제,1657
걸리다,1598
사항,1570
현재,1561
말씀,1494
관련,1452
파일,1420
락다운,1416
기록,1399
버튼,1359
변경,1341
체크,1340
바라다,1337
운영,1333
해결,1307
최대한,1276
크롬,1271
안내,1268
빨리,1268
센터,1267
콜라보,1260
달려오다,1216
평소,1207
연락,1199
진행,1195
링크,1172
이메일,1165
수강,1163
학우,1140
ac,1138
korea,1115
이용,1112
kr,1110
레이,1098
학습,1070
오류,1061
과목,1034
시청,1031
반영,1014
상태,1013
참고,1000
자료,962
자다,960
업로드,958
메일,951
기다리다,945
통해,915
수정,914
성적,912
zoom,898
올리다,890
시도,886
환경,885
학기,869
학습자,855
상황,828
요청,822
계정,822
이후,809
해드리다,787
완료,775
실시간,774
연결,758
아래,749
선생님,744
죄송하다,743
건강,740
페이지,738
입력,735
시작,734
조심하다,731
교육,730
저장,728
관리,721
여쭈다,711
추가,710
사진,707
공개,703
학교,702
에도,701
따로,698
컴퓨터,697
처리,692
지원,678
공유,678
도움,677
문의사항,674
보이지,667
옵션,658
기능,653
프로그램,652
네트워크,648
하단,646
실행,638
줄다,627
하나요,621
늦어지다,611
에서는,608
중간,606
사이트,606
다운로드,606
오른쪽,606
포털,604
놓치다,601
원격,601
https,601
모바일,596
건가,592
사용자,584
활성화,578
점수,577
정상,576
분반,576
만들다,576
공지,572
인증,570
학번,570
주소,569
필요하다,568
청강생,567
평일,560
전체,557
정보,555
클래스,552
네네,549
권한,544
인지,544
인가요,544
주신,543
인터넷,539
활동,535
접근,533
자동,532
계시다,527
어렵다,525
말씀드리다,522
테스트,521
찾다,521
로그,517
현황,517
채점,515
먼저,511
온라인,507
아이디,504
회의,501
세션,499
질문,497
기간,490
기기,489
ec,487
업데이트,487
응시,485
따르다,479
직접,475
구글,470
Zoom,468
쿠키,468
권장,466
또는,455
대인,453
허용,451
시스템,447
선택,445
상단,441
나타나다,440
인정,438
끝나다,435
번호,435
입장,433
이름,432
바꾸다,427
표시,425
드릴,424
듣다,423
학부,421
마이크,421
비밀번호,420
유지,416
다운,415
걸다,408
카메라,408
괜찮다,407
결과,407
원격지원,406
설치,405
양해,402
Collaborate,402
보안,396
리스트,393
용량,391
이신,390
원격교육,382
com,372
출결,372
생기다,370
투라,369
신청,368
다르다,367
이미,364
부서,362
새롭다,359
열다,359
담당,358
이전,356
동영상,355
오후,355
방식,354
세종,353
도구,352
매뉴얼,351
퀴즈,350
제외,350
자제,345
작성,342
어흥,340
예정,339
어디서,339
일괄,338
제한,338
우측,335
감사,334
보시,333
공휴일,331
켜다,329
성하다,329
처음,327
Kaltura,326
수강생,325
사라지다,324
정정,323
들어오다,322
아이패드,321
목록,318
별도,317
학적,316
포탈,315
해주시,312
노트북,312
데이터,305
eb,305
정확하다,304
불가능하다,304
kultips,304
ZOOM,304
상담,303
콘텐츠,301
늘다,300
그룹,299
다행,298
사파리,295
보이,293
설문조사,292
본인,292
주시,291
배속,287
전달,285
아이콘,285
에서도,283
관리자,282
대학원,282
좌측,277
스크린샷,276
어제,275
수강신청,275
전화,274
ID,272
elearning,272
호스트,271
아마,270
게시,265
보기,265
법정,263
collaborate,262
클라우드,262
제공,260
로그아웃,260
청강,259
첨부,257
iOS,257
어플,257
현상,256
서울,254
버전,253
끊기다,251
동일하다,250
설명,249
생각,249
이실,245
빠르다,244
항목,244
기본,243
방금,242
건지다,242
답안,241
어플리케이션,241
토론,241
재생,241
기존,240
작동,238
이해,235
이지,235
과정,233
단계,231
개인정보,229
안정,225
지난,223
참여,222
아이폰,220
여백,220
파악,219
소요,218
서비스,217
라면,217
분들,216
올려주다,216
담당자,216
캡쳐,216
야하다,216
자세하다,214
복구,214
내일,212
해제,211
크게,211
나가다,210
조회,209
수도,208
이루어지다,205
메시지,204
중지,203
아예,202
보고서,202
날짜,199
졸업,199
인정이,198
교과목,198
유튜브,197
횟수,195
해도,194
쓰다,193
자율,193
미리,192
필수,192
역할,192
피드백,191
별로,191
챗봇,189
띄우다,189
데스크톱,188
에서만,187
종교,187
메세지,184
혁신,184
이수,183
크다,183
강제,183
채팅,182
그대로,182
대기,182
아무,181
해봤다,181
주차,180
수가,180
교내,179
이미지,179
움직,178
sjctl,178
UUID,178
macOS,177
누르기,177
감지,177
갑자기,175
움직임,175
http,174
소리,174
메뉴얼,174
왼쪽,173
올라오다,173
부탁,173
급하다,173
PC,171
서다,171
드라이브,171
캠퍼스,171
계획,171
검색,171
대표,170
출제,170
인하다,169
로는,168
지우다,168
알림,167
원하다,167
지속,167
늦다,166
필요,164
불가하다,164
kuctl,162
관할,162
에러,161
연동,161
한시,161
넵넵,160
안보,160
비디오,160
신분,160
Windows,159
지나다,159
제목,159
번거롭다,158
응대,158
패널,158
핸드폰,158
in,158
고려대학교,156
시기,154
입실,154
신다,152
마지막,152
참조,152
마감,152
재부팅,151
활용,151
일시,151
일부,150
열리다,149
서버,148
기준,147
불편,147
가이드,146
걱정,146
니까,146
게스트,146
칼럼,146
영어,145
취소,145
부여,145
달라,145
넘어가다,144
수고,144
번째,144
평등,143
이기,143
잘못,143
컬럼,143
강의실,143
고맙다,143
이유,141
들리다,140
bc,140
개설,139
넣다,139
분석,139
기르다,138
google,138
연구윤리,137
학년,137
꿀팁,137
아깝다,136
까지는,136
의무,134
친절하다,133
인권,133
중간고사,133
개별,133
엑셀,133
물어보다,132
절차,131
캡처,131
최신,131
가능,131
출력,130
순서대로,130
순서,129
해달라다,129
포함,129
어리다,129
ea,129
평가,128
GB,127
디바이스,127
복사,126
일반,125
지다,125
표절,125
최대,125
윈도우,124
the,124
인증서,124
행정,124
이르다,124
pdf,123
정답,123
맡다,123
겁니다,122
조치,122
교시,121
오전,120
든지,120
발표,120
작업,119
플랫폼,119
특정,117
us,117
이라서,117
연결하다,117
여전하다,117
오디오,117
변환,117
타이머,117
고대,116
최소,115
SSO,115
의미,115
세미나,115
미리보기,113
사람,113
이슈,113
모양,113
숨기다,113
거기,112
반복,112
녹화물,112
성함,112
동시,112
강사,111
미팅,111
저번,110
forms,110
회의실,110
검사,110
유형,110
홈페이지,109
docs,109
도와주다,108
바뀌다,108
이분,108
모드,108
guide,108
적용,107
배경,107
jhjung,107
이외,106
형식,106
점검,106
일정,106
reference,106
에만,106
컨텐츠,105
quick,105
교원,105
and,104
로딩,104
께서는,103
꺼지다,103
교양,103
응답,103
커먼,103
대학,102
실제,102
불다,102
보여주다,102
수동,101
ed,101
형태,101
엣지,101
가능성,100
거나,100
게시판,99
인적,99
살펴보다,99
to,99
ghing,98
놓다,98
보통,98
대학원생,98
풀다,97
의무교육,97
교번,97
차단,97
국제,96
추후,96
이브,96
지정,96
나중,95
찾아보다,94
자꾸,94
기다,94
학과,94
영강,94
비대,94
일주일,94
방안,94
쓸다,94
아뇨,93
똑같다,93
쿠카,93
유선,93
안드로이드,93
빈칸,93
원활하다,92
와이파이,92
차다,92
이러닝,91
신입생,91
금일,91
pc,91
유의,90
이면,90
고생,90
구글드라이브,90
인사,89
으로도,89
예전,89
인원,88
KU,88
원인,88
정리,88
불편하다,87
불구,87
로컬,87
발급,87
말다,87
edit,87
이며,87
임의,87
한국어,86
당시,86
항상,86
뭔가,86
sso,86
중이,86
ad,86
닫다,85
전환,85
소속,85
적다,85
추천,85
언어,84
없어지다,84
버리다,83
급여,83
오픈,83
English,83
최종,82
갱신,82
주가,82
지키다,82
연구,81
데스크탑,81
헐다,81
나서다,81
참가자,81
초기,81
하라,81
배포,81
맥북,81
로서,81
대체,80
판단,80
서도,80
KUPID,80
meeting,80
깔다,80
가상,80
상세,79
멈추다,79
학사,79
스마트폰,79
신지,78
웹캠,78
에서의,78
퇴실,78
요구,77
객관,77
작다,76
ior,76
기입,76
어려움,75
앞서,75
sign,75
예약,75
스트림,75
비공개,75
동그라미,74
정책,74
무제한,74
올라가다,74
정의,73
삽입,73
위치,73
Users,73
외부,73
진도,73
치다,72
니당다,72
상관없다,72
회신,72
XIN,72
보아,72
통화,72
명단,72
기술,72
닉스,72
한자,72
문항,71
실수,71
읽다,71
가져오다,71
마우스,71
통한,71
자리,70
돌아가다,70
상의,70
생기,70
내보내다,70
mp,70
저렇게,70
지는,69
문구,69
그건,69
전자우편,69
마치다,69
도중,69
충분하다,69
자유,68
편집,68
그것,68
보이시,67
commons,67
미디어,67
주의,67
오류로,66
연습,66
에게만,66
kaltura,66
for,66
코드,66
사실,66
누락,65
폴더,65
열람,65
기초,65
인식,65
탑재,65
사전,65
업무,65
차이,65
진행중,65
kulms,65
이동,65
두번째,65
셋팅,65
사례,64
구성원,64
경로,64
진리,63
기억,63
첨부파일,63
송부,63
문서,62
이러하다,62
저녁,62
warning,62
한정,62
지각,62
행복하다,61
is,61
프로필,61
라이센스,61
고려대,61
한가지,61
인프라,61
틀리다,61
개발,61
더불다,61
Browser,61
당황,60
이수증,60
년도,60
하니,60
사회,60
기말고사,59
준비,59
연락처,59
초과,59
리지,59
이니,59
가입,59
Chrome,59
높다,58
틀다,58
발송,58
친구,58
전화번호,58
충돌,58
결석,58
밉다,57
교우,57
겪다,57
할당,57
금지,57
OFuYBAJghWL,57
alB,57
ktduS,57
MkhSk,57
Feh,57
bcK,57
ek,57
참가,57
관계,57
프로젝트,57
AND,57
헌법,57
체성,56
시점,56
까지만,56
찍다,56
기한,56
browser,56
영향,56
대면,56
파란색,56
대비,56
이야기,56
아직도,56
이상하다,55
똑같이,55
존재,55
방지,55
중단,55
경영,55
Turnitin,55
리뷰,54
워드,54
텍스트,54
대신,54
구체,54
제거,54
번의,54
문자,54
블보,54
표기,54
course,54
Grade,54
마음,54
사유,54
지나,53
조정,53
LDB,53
은행,53
일자,53
숨다,53
설문,53
알람,53
바쁘다,53
노력,53
그림,52
그게,52
제작,52
대부분,52
you,52
팝업,52
그거,52
상관,52
shinhc,52
로만,51
주말,51
거치다,51
LockDown,51
여요,50
통계,50
세팅,50
다중,50
test,50
COMMONS,50
예외,50
관해,49
이용자,49
아침,49
논술,49
되게,49
재학,49
II,49
휴대폰,49
KULTIPS,48
관심,48
박스,48
쉬다,48
불안정하다,48
싱글,48
전송,48
재시,48
시행,48
ta,48
공통,48
실시,48
힘들다,48
일어나다,48
grade,48
완전하다,48
강좌,48
추측,48
발전,47
새로고침,47
다음주,47
갖다,47
상이,47
중인,47
러시,47
Center,47
확실하다,47
배점,47
다양하다,47
운영체제,47
리포트,47
마찬가지,47
동의,47
turnitin,47
코로나,46
화살표,46
작년,46
management,46
증가,46
태블릿,46
ku,46
실험,46
of,46
모의,46
계절,45
참석,45
learning,45
공용,45
수신,45
성명,45
느리다,44
대하,44
on,44
동작,44
맞추다,44
불가능,44
실습,44
pptx,44
익명,44
한국,44
수료,44
음성,44
불가,44
정해진,44
알아보다,43
회색,43
시험지,43
몇몇,43
통합,43
달다,43
자로,43
덕분,43
system,43
기업,43
부득이,43
중국,43
그걸,43
지도,43
최근,43
서로,43
일치,42
된거,42
네넵,42
정기,42
코스룸,42
비번,42
아무래도,42
녹강,42
자주,42
숫자,42
얘기,42
상기,42
적히다,41
당연하다,41
남아,41
lockdown,41
나머지,41
글쓰기,41
만들어지다,41
not,41
직원,41
Firefox,41
db,41
중복,40
this,40
개선,40
전산,40
IT,40
자의,40
viewform,40
docx,40
OF,40
ppt,40
진행자,40
PPT,40
커뮤니티,40
부족하다,40
컬렉션,40
경제학,40
서술,40
조심스럽다,40
감독,40
블로그,40
목소리,39
예시,39
어떡하다,39
희다,39
즈음,39
오래,39
번만,39
ex,39
넘기다,39
나누다,39
채우다,39
암호,39
일본어,39
FAIpQLSck,39
VVS,39
bnPtdCjV,39
FS,39
YmMEdD,39
fRPpyhyn,39
PTBlQ,39
vc,39
flr,39
특별하다,38
고치다,38
겠다,38
임시,38
달라지다,38
지난주,38
휴학,38
경제,38
보라,38
점심시간,38
확인가능,38
돌아오다,38
or,38
세부,38
이뤄지다,38
지난번,38
기재,38
순간,37
즐겁다,37
부터는,37
with,37
메인,37
백업,37
워크숍,37
edge,37
통지,37
지연,37
PDF,37
Groups,37
자명,37
들이다,36
답장,36
your,36
초대,36
마크,36
TA,36
가끔,36
대화,36
일일이,36
배정,35
신경,35
증상,35
금요일,35
재희,35
전세계,35
원론,35
허가,35
웹페이지,35
공간,35
학점,35
속도,35
전원,35
헷갈리다,35
필터,35
회수,35
인간,35
EC,35
갈다,34
조사,34
유효하다,34
전화하다,34
자정,34
예상,34
인거,34
LMS,34
융합,34
려고,34
에게도,34
동일,34
be,34
숙지,34
원본,34
박사,34
Meeting,34
계산,34
갤러리,34
report,34
치르다,34
위임,34
논의,34
OS,34
total,34
IWC,34
사이,33
한해,33
저작권,33
한글,33
마이,33
솔루션,33
외국인,33
전공,33
시간표,33
ios,33
추적,33
자물쇠,33
원칙,33
필요없다,33
보지,33
빗금,33
게재,33
월요일,33
배경화면,33
옮기다,32
스스로,32
얻다,32
언급,32
코딩,32
힘드다,32
의견,32
개강,32
내의,32
찾기,32
승인,32
오지,32
별개,32
짧다,32
랜덤,32
불안하다,32
체크박스,32
students,32
회로,32
어쩔,32
댓글,32
접수,32
꼼꼼하다,32
라도,32
도서관,32
네이버,31
it,31
형성,31
gmail,31
이중,31
대상,31
공동,31
범위,31
보라색,31
캐시,31
채널,31
안해,31
보건,31
스피커,31
필기,31
정보보호,31
빠지다,31
논문,31
개론,31
증빙,31
자연,31
목적,31
파이어폭스,31
당일,31
듣기,30
패스워드,30
최초,30
시간대,30
감점,30
보관,30
막다,30
과의,30
일일,30
xin,30
올린다,30
설문지,30
attempt,30
URL,30
팝업창,30
몇번,30
기도,30
자가,30
크기,30
차후,30
구성,30
날로,30
라운드,30
아무렇다,29
브라우져,29
도메인,29
분명,29
케이스,29
아무리,29
비우다,29
synchronous,29
do,29
차별,29
Course,29
보드,29
이원화,29
Full,29
center,29
명확하다,29
막히다,29
슬라이드,29
추정,29
코멘트,29
마무리,29
정지,29
산출,29
호돌이,29
submit,29
사과,29
명과,29
통상,29
보신,28
없애다,28
분명하다,28
ENGLISH,28
모니터링,28
영문,28
안내받다,28
명의,28
IN,28
어떠하다,28
올려놓다,28
강중인,28
확장자,28
네넹,28
join,28
방화벽,28
문화,28
방법론,28
요청서,28
부적절하다,28
사료,28
미처,28
비교,28
사양,27
내부,27
여기다,27
student,27
호랭이,27
다시금,27
혼선,27
all,27
chrome,27
중국어,27
구분,27
부르다,27
액세스,27
Google,27
공감,27
attendance,27
강정보,27
압축,27
갑작스럽다,27
Show,27
윤리,26
레포트,26
보류,26
튜토리얼,26
얼굴,26
대요,26
문제점,26
잠그다,26
애플리케이션,26
만을,26
건데,26
time,26
Commons,26
정치,26
microsoft,26
고급,26
화요일,26
조심,26
asynchronous,26
can,26
간혹,26
가기,26
FAQ,26
previous,26
조건,26
Link,26
ISC,26
실체,26
허다,25
수학,25
종종,25
백신,25
외국어,25
콜레보레이트,25
확장,25
소프트웨어,25
정규,25
이구,25
공식,25
간단하다,25
Test,25
Blackboard,25
주소창,25
남지,25
이론,25
유의사항,25
Report,25
단일,25
카톡,25
하늘색,25
ahnlab,25
원문,25
uuid,25
정시,24
천천히,24
변화,24
저런,24
변동,24
복수,24
만이,24
가급적,24
에선,24
인수,24
바탕화면,24
portal,24
개다,24
instructor,24
열기,24
id,24
과는,24
목요일,24
글씨,24
cloud,24
카테고리,24
이라도,24
써주다,24
naver,24
스럽게,24
늘리다,24
조절,24
진입,24
are,24
Cloud,24
해지,24
announcements,24
답답하다,24
Lockdown,24
장기,24
카카오,24
장애,24
템플릿,24
카드,24
뉴스,24
추다,23
동기화,23
페이,23
들어서다,23
닫히다,23
유투브,23
일로,23
고요,23
증명,23
안타깝다,23
종합,23
주일,23
빼다,23
강정,23
잊다,23
또다른,23
직후,23
과학,23
사무실,23
과거,23
톱니바퀴,23
중요하다,23
풀리다,23
한지,23
연구소,23
빨간색,23
노고,23
Recurring,23
바탕,23
붙여넣기,23
Respondus,23
본교,23
고객,23
하나로,22
아우르다,22
차원,22
바로가기,22
error,22
예방,22
파일공유,22
적절하다,22
드림,22
거들다,22
회사,22
session,22
교육대학,22
포럼,22
용법,22
개념,22
계정은,22
tcL,22
차례,22
multiple,22
완성,22
뭐라다,22
이기다,22
며칠,22
지워지다,22
수기,22
drive,22
오잉,22
제안,22
잡히다,22
Drive,22
주심,22
곤란하다,22
사정,22
지침,22
단순하다,21
미치다,21
끊다,21
주관,21
의하다,21
졸업생,21
확보,21
글로벌,21
쓰시,21
시크릿,21
누가,21
성은,21
전반,21
포털시스템,21
party,21
노출,21
결정,21
음악,21
그러하다,21
세계,21
크로스,21
meetings,21
확률,21
faq,21
혼란,21
재량,21
애초,21
들어주다,21
투표,21
거치,21
지시,21
튕겨져,21
로드,21
퇴근,21
표현,21
교과,21
세다,21
트리,21
묻다,21
무한,21
주요,21
공문,21
규정,21
시지,20
수행,20
youtube,20
튕겨,20
방이,20
아마도,20
검다,20
통합로그인,20
kupid,20
The,20
마련,20
올바르다,20
이군,20
실패하다,20
도록,20
이내,20
루트,20
주제,20
공학,20
blackboard,20
수집,20
rsz,20
이력,20
Group,20
Pass,20
늘어나다,20
끌다,20
Recordings,20
발견,20
움직이다,20
익스플로러,20
노란색,20
숨기,20
식품,20
대안,20
튕기,20
ko,20
gb,20
애로,20
준수,20
이오니,20
찍히다,20
동계,19
미적분학,19
랩탑,19
EKU,19
수료증,19
방학,19
주로,19
가져가다,19
실패,19
정해,19
복학,19
특강,19
착각,19
권유,19
덧붙이다,19
음으로,19
오프라인,19
rd,19
베이,19
정렬,19
kucom,19
재학생,19
분량,19
항만,19
이어폰,19
방문,19
짜다,19
고정,19
kucms,19
publish,19
달리,19
미팅룸,19
탐색,19
심리,19
from,19
협력,19
매주,19
염려,19
Publish,19
여유,19
건드리다,19
턴잇,19
선지,19
번은,19
민영,19
검토,19
패턴,19
시어,19
EB,19
Join,18
support,18
켜지다,18
보임,18
향후,18
깨다,18
invalid,18
view,18
커먼스,18
시반,18
고민,18
Safari,18
배너,18
분전,18
붙이다,18
안녕하십니까,18
변하다,18
please,18
만들기,18
Quiz,18
교직원,18
만점,18
그동안,18
내장,18
SafeAssign,18
웹사이트,18
쪽지,18
한계,18
Meetings,18
세번,18
지장,18
as,18
View,18
가면,18
어차피,18
해외,18
안심,18
구간,18
firefox,18
will,18
멤버,18
host,18
등급,18
soo,18
man,18
태그,18
일반화학,17
연장,17
개개인,17
타고,17
수내역,17
볼때,17
assignment,17
kuchive,17
줍다,17
참석자,17
근로,17
끝내다,17
연구실,17
계시,17
요건,17
허락,17
권하다,17
분과,17
bvE,17
Media,17
하위,17
고르다,17
Youtube,17
KUve,17
순차,17
off,17
board,17
정해지다,17
몰리다,17
하얗다,17
플레이어,17
낮다,17
따다,17
착오,17
에게서,17
My,17
평생교육,17
Mac,17
verification,17
지원이,17
분만,17
별다르다,17
레지스트리,17
자격,17
어떻,17
사고,17
의료,17
zip,17
Assignment,17
새벽,17
합치다,17
소개,17
정이,17
메모,17
토록,17
방향,17
LAW,17
일반물리학,17
더욱,17
긍정,17
푸다,17
호철쌤,17
단과대학,17
지문,17
능력,17
흐리다,17
진심,17
클라스,17
행위,16
편안하다,16
먹통,16
놔두다,16
매일,16
이경우,16
길다,16
아웃,16
돌리다,16
증설,16
고려,16
호랑이,16
인지도,16
리기,16
까맣다,16
경유,16
양식,16
밀리다,16
이틀,16
전이,16
화가,16
실례,16
연구원,16
myhyun,16
최적화,16
other,16
link,16
cookies,16
엑세스,16
반응,16
인걸,16
내리다,16
핫스팟,16
제시,16
텐데,16
와는,16
화이팅,16
출근,16
아쉽다,16
상법,16
파란,16
Student,16
참여자,16
setting,16
no,16
빨갛다,16
일전,16
해오다,16
bd,16
복원,16
초로,16
기하,16
항의,16
화로,16
여름,16
종강,16
소감,16
유예진,16
isclms,16
Store,16
ED,16
Legacy,15
불이익,15
명시,15
이세,15
브레이크아웃,15
exam,15
보나,15
등록금,15
article,15
무선,15
기반,15
임용,15
교재,15
용이,15
위키,15
블랙,15
교환학생,15
삼성,15
여러가지,15
신규,15
스크린,15
전용,15
수요일,15
복습,15
무리,15
url,15
제어,15
붙다,15
다행하다,15
Assignments,15
맞춤,15
Error,15
정재,15
절대,15
무관,15
trysteps,15
Create,15
패스,15
깨지다,15
즐겨찾기,15
Update,15
정가,15
신호,15
TO,15
지능,15
알약,15
최선,15
공공,15
Edge,15
트래픽,15
set,15
거듭,15
Korea,15
대략,15
틀어놓다,15
산학,15
discussion,15
파이어,15
폭스,15
비율,15
completion,15
언제나,15
대응,15
외부성,15
클리,15
KOREA,15
타임,14
조작,14
녹음,14
windows,14
상당하다,14
피피티,14
일요일,14
bb,14
확정,14
확답,14
디지털,14
net,14
소관,14
줄이다,14
정신,14
검정색,14
대답,14
특성,14
faculty,14
무언가,14
ACADEMIC,14
초록색,14
마케팅,14
날다,14
내주다,14
시민,14
것일,14
recording,14
safari,14
석사과정,14
at,14
가용,14
인시,14
서요,14
버팅,14
신청서,14
access,14
recordings,14
까지의,14
recht,14
비다,14
주어지다,14
jesuisali,14
장소,14
코너,14
화질,14
초반,14
세로,14
멀다,14
심리학,14
Previous,14
프로세스,14
반영은,14
Check,14
App,14
INTRODUCTION,14
쓰기,14
가운데,14
mail,14
급수,14
챙기다,14
materials,14
my,14
마이크로소프트,14
느낌표,14
유저,14
간주,14
자르다,14
모으다,14
국문,14
display,14
설계,14
respondus,14
샘플,14
되풀이,14
물이,13
커지다,13
전의,13
화학,13
나쁘다,13
까지로,13
브레이크,13
평균,13
도구로,13
확대,13
가야,13
뽑다,13
반의,13
무방,13
만료,13
장학생,13
분도,13
email,13
Registered,13
반입,13
입학,13
material,13
new,13
긴급,13
제도,13
수락,13
한개,13
가로,13
잠기다,13
금융,13
INTERNATIONAL,13
근무,13
Upcoming,13
콜라보레이션,13
단순,13
테더링,13
법학,13
거부,13
activity,13
사오다,13
생활,13
연필,13
가량,13
재활,13
MP,13
가정,13
스케줄,13
PW,13
메뉴바,13
끼다,13
특수,13
다가오다,13
워낙,13
앞서다,13
group,13
석사,13
드롭버튼,13
안암동,13
촬영,13
커서,13
벌써,13
휴학생,13
바르다,13
가까이,13
질의,13
문제해결,13
Window,13
입문,13
이상은,13
쓰이다,13
but,13
의도,13
새로이,13
응용,13
현실,13
최고,13
lecture,13
경험,13
오래되다,13
소모,13
주석,13
have,13
교무,13
Office,13
카피,13
작문,13
BUSS,13
hope,13
useful,13
일반생물학,13
INCLASS,13
심다,12
무조건,12
보호,12
트이다,12
직전,12
submission,12
기술자,12
WRITING,12
금전,12
open,12
이따,12
성공하다,12
check,12
화이트보드,12
파워포인트,12
희망,12
by,12
하므다,12
sugang,12
안녕,12
신건,12
의문,12
오타,12
병행,12
나타내다,12
분류,12
THE,12
ECONOMICS,12
승낙,12
마이크로,12
안나,12
found,12
버그,12
오오,12
블루투스,12
소통,12
버즈,12
업체,12
과대,12
fd,12
식이,12
섞이다,12
생년,12
월일,12
에어팟,12
Sign,12
굳이,12
알기,12
경고,12
Pending,12
러신,12
미안하다,12
preview,12
용도,12
tab,12
원호,12
우려,12
일찍,12
부가,12
감안,12
유무,12
FOR,12
download,12
파이다,12
최종성,12
담기다,12
요약,12
떨어지다,12
MOOC,12
강조,12
유사,12
오랜,12
통과,12
호환,12
난처하다,12
합계,12
iframeHash,12
교육과정,12
캔버스,12
미완료,12
김다정,12
근대,12
오해,12
깊다,12
킬러,12
CSV,12
속상하다,12
Management,12
너른,12
방역,12
참작,12
EA,12
KGM,12
주변,11
이어지다,11
이해해,11
만용,11
KOREAN,11
압니,11
KST,11
혼동,11
치고,11
인계,11
미래,11
산업,11
Question,11
네모,11
시경,11
간의,11
유사하다,11
log,11
새내기,11
회원,11
러닝,11
개시,11
건의,11
거지,11
열심히,11
살다,11
교육학,11
글자,11
웨일,11
프로,11
allow,11
하드웨어,11
이행,11
평안하다,11
스포츠,11
으로부터,11
클립,11
바이오,11
금방,11
화일,11
아주,11
바람,11
후자,11
users,11
목별,11
색깔,11
answer,11
드롭,11
분간,11
available,11
Submission,11
기회,11
물다,11
Please,11
보건학,11
프로필사진,11
모듈,11
렌더링,11
폐강,11
recurring,11
세트,11
spring,11
경영학,11
media,11
경제개발,11
생명공학,11
전략,11
통신사,11
셀프,11
스팸함,11
alternative,11
Grading,11
어보,11
Grades,11
부정행위,11
모니터,11
출시,11
유추,11
요즘,11
User,11
KUchive,11
미분기하학,11
반대,11
퇴장,11
대처,11
question,11
options,11
가이드라인,11
병장,11
어서,11
파일명,11
합산,11
force,11
왠지,11
window,11
이던,11
VPN,11
미국,11
교육부,11
기관,11
쌓이다,11
스페인어,11
tinyurl,11
도입,11
의존,11
프록토링,11
프랑스어,11
대여,11
보안정책,11
비콘,11
변경탭,11
집중,11
중도,11
가시,10
수식,10
자만,10
Kultips,10
튕김,10
성적조회,10
퍼센트,10
애플,10
치면,10
겨울,10
섹션,10
보존,10
힘내다,10
조교수,10
분리,10
까먹다,10
검은색,10
몇개,10
기분,10
이든,10
딱하다,10
민법,10
공유기,10
와중,10
익일,10
그렇다고,10
생명과학,10
가나,10
거리,10
현대,10
Discussion,10
app,10
말고도,10
원우,10
ultra,10
잦다,10
대기실,10
강인원,10
무료,10
여야,10
성과,10
화상,10
JAPANESE,10
호주,10
편의,10
설치다,10
Ctrl,10
video,10
player,10
data,10
start,10
정상화,10
csv,10
INT,10
소문자,10
송출,10
의주,10
Allow,10
기계,10
종류,10
그간,10
shindbwjd,10
컨버팅,10
에겐,10
만으로,10
음악이론,10
부재,10
안남다,10
라던가,10
구조,10
고유,10
대다수,10
아무튼,10
적극,10
만지다,10
보완,10
lms,10
공백,10
만족스럽다,10
가속,10
버퍼링,10
one,10
금번,10
포맷,10
편이,10
저건,10
형광,10
동기,10
시로,10
재활용,10
진로,10
명도,10
시라,10
흘러가다,10
choice,10
이니까,10
column,10
Hide,10
team,10
사안,10
자막,10
구제,10
말투,10
Alt,10
더블클릭,10
언어팩,10
예비,10
턴인잇,10
Eco,10
병원,10
안랩,10
불가피하다,10
DEVELOPMENT,9
SK,9
콜랩,9
there,9
넘어오다,9
배우다,9
장애인,9
자유롭다,9
덥다,9
낫다,9
인쇄,9
난감하다,9
지르다,9
학칙,9
세포생물학,9
톡방,9
세기,9
user,9
survey,9
복잡하다,9
어흥님,9
앞두다,9
US,9
www,9
알리다,9
콜라,9
볼륨,9
차이점,9
키우다,9
가르치다,9
통론,9
다중로그,9
불필요하다,9
create,9
백분율,9
위함,9
메모리,9
지메일,9
갤럭시,9
학생용,9
익숙,9
공시,9
KULMS,9
잡다,9
패드,9
무시,9
It,9
click,9
mooc,9
연속,9
이상태,9
files,9
Multiple,9
단어,9
변수,9
문장,9
대괄호,9
오류메시지,9
SEMINAR,9
무크,9
성해,9
이십,9
이하,9
수시로,9
과제탭,9
나열,9
커먼즈,9
정성,9
봉사,9
업그레이드,9
file,9
지구본,9
스마트,9
Results,9
카페,9
화하다,9
이만,9
장치,9
File,9
백지,9
수치,9
물의,9
HTML,9
에타,9
MS,9
ms,9
막상,9
호순이,9
Content,9
있을런지,9
실의,9
xinics,9
that,9
fail,9
조속,9
행동,9
오시,9
심하다,9
가위,9
읍니,9
애쓰다,9
문과,9
프린트,9
지수,9
독일,9
Don,9
채다,9
재차,9
MB,9
IP,9
option,9
password,9
If,9
Column,9
긴급하다,9
넹넹,9
행정법,9
철회,9
os,9
After,9
after,9
보강,9
논리,9
No,9
Instructor,9
울다,9
date,9
규칙,9
차선,9
소명,9
grading,9
귀엽다,9
모범,9
getting,9
started,9
제적,9
STEP,9
번역,9
스크롤,9
final,9
가을,9
문학,9
커몬즈,9
글쿤,9
Play,9
휴보,9
HUI,9
Chapter,9
미완성,9
새해,8
안전하다,8
이따가,8
이공,8
부적,8
큰일,8
구동,8
이남수,8
기원,8
settings,8
테블릿,8
니다,8
얼른,8
분할,8
배열,8
점심,8
hanmail,8
생기지,8
나뉘다,8
announcement,8
어케,8
집계,8
지식,8
물리,8
To,8
signin,8
incantateur,8
피씨,8
Gallery,8
선호,8
선착순,8
선정,8
full,8
Hello,8
포털사이트,8
안좋다,8
이요,8
풀이,8
시오,8
슬라이드쇼,8
sk,8
감상,8
실무,8
철학,8
추출,8
account,8
pass,8
저절로,8
시일,8
iPad,8
mac,8
제기,8
원리,8
성적표,8
음량,8
파일형식,8
전문,8
교실,8
위배,8
seems,8
required,8
공부,8
Shift,8
도움말,8
외교학,8
국문학,8
에다가,8
다해,8
로고,8
Make,8
Warning,8
한적,8
편성,8
Click,8
드랍,8
반도,8
대형,8
미만,8
뵙다,8
전기,8
생태학,8
학점교류,8
것이므,8
생명,8
민원,8
에너지,8
재료,8
MANAGEMENT,8
Karabiner,8
먹다,8
니깐,8
Options,8
tests,8
머물다,8
분동,8
Microsoft,8
합성생물학,8
일종,8
권고,8
듭니,8
덮다,8
answers,8
class,8
왜냐면,8
browse,8
우일,8
명쾌하다,8
단체,8
푸시,8
jjia,8
깔리다,8
뭉치다,8
감기,8
Details,8
using,8
This,8
작일,8
안암,8
정속,8
물리학,8
터치,8
김남,8
인문,8
부다,8
쎄다,8
라인,8
거시경제,8
case,8
이과,8
was,8
SPSS,8
도대체,8
종이,8
방도,8
으로의,8
외국,8
발행,8
흔적,8
txt,8
help,8
본사,8
도르다,8
OX,8
마자,8
앱스토어,8
OTP,8
week,8
close,8
가치,8
에러메시지,8
고사,8
주최,8
Support,8
귀찮다,8
독일문학,8
열의,8
분경,8
availability,8
기점,8
자동화,8
차감,8
판서,8
page,8
까진,8
컴퓨팅,8
대량,8
접종,8
sansan,8
근거,8
an,8
부처,8
용치,8
장이,8
면접,8
시가,7
어도,7
부합,7
둘째,7
KT,7
edu,7
한글파일,7
부족,7
공란,7
OPEN,7
무작위,7
싫다,7
반도체,7
까지가,7
묶다,7
말풍선,7
나르다,7
데이터베이스,7
TEACHING,7
건강하다,7
크림슨,7
복학생,7
구해,7
schedule,7
wiki,7
만나다,7
경과,7
개발자,7
미숙,7
상대방,7
upcoming,7
평론,7
cb,7
대운하,7
검정,7
랑은,7
와콤,7
aa,7
깜빡,7
나은,7
대문자,7
통계학,7
취해,7
CHEMISTRY,7
야근,7
교신,7
생물학,7
월수,7
살피다,7
스트리밍,7
주지,7
재직,7
스레드,7
일지,7
update,7
래그,7
분후,7
아잉,7
생성자,7
일정하다,7
멘트,7
툴라,7
Access,7
모로,7
Tools,7
잘알다,7
입퇴실,7
손상,7
기계공학,7
멤버십,7
Code,7
튕길,7
IV,7
구매,7
적도,7
You,7
유독,7
궁금증,7
디폴트,7
런가,7
발신,7
심화,7
정식,7
힘쓰다,7
클래식,7
나니,7
LITERATURE,7
송수,7
간호학,7
조언,7
좀더,7
크롤,7
포워딩,7
토대,7
살리다,7
환경공학,7
자원,7
지인,7
기적,7
적합하다,7
김수정,7
요소,7
인게,7
갯수,7
비용,7
인들,7
전무하다,7
완벽하다,7
Room,7
학사정보,7
Materials,7
업다,7
Alternative,7
UNDERSTANDING,7
도시,7
credit,7
도저히,7
최상,7
시간제,7
대박,7
끼치다,7
에고,7
일텐데,7
괜히,7
의심,7
절전,7
인문학,7
너그럽다,7
무사하다,7
Save,7
토의,7
단독,7
경영통계,7
국어,7
여태,7
의과학,7
been,7
조직,7
뱅킹,7
날아가다,7
hide,7
Edit,7
법전,7
호돌,7
Manage,7
배제,7
역학,7
보내오다,7
저렇다,7
up,7
유관,7
의치,7
노트,7
메신저,7
GELI,7
office,7
턴잇인,7
플레이,7
readystream,7
당사,7
서식,7
납부,7
웨비,7
행사,7
젊다,7
상반기,7
Linjie,7
엘흐메,7
다니다,7
조금씩,7
Students,7
clid,7
aw,7
rid,7
AI,7
주고받다,7
문학사,7
양지,7
ariellsm,7
DB,7
pending,7
민정,7
kuwinter,7
푸신,6
증거,6
파트,6
기호,6
DD,6
에라도,6
주기,6
홍보,6
바보,6
버젼,6
작전,6
맛있다,6
상위,6
COLLEGE,6
클라이언트,6
현장,6
어디가,6
으론,6
일어나지,6
category,6
멘토,6
예술,6
동명이인,6
IOS,6
멜로디,6
Recording,6
만의,6
혼합,6
out,6
플레이스토어,6
이기도,6
브로드밴드,6
수단,6
옵니다,6
눌려,6
가보,6
관여,6
대상자,6
띄어쓰기,6
계세,6
숙제,6
한메일,6
유기화학,6
멀쩡하다,6
미디어학,6
어딘,6
PHYSICS,6
전해,6
OT,6
취할,6
찾아가다,6
본문,6
오피스,6
디스,6
중앙,6
재무관리,6
READING,6
와도,6
본의,6
많아지다,6
회차,6
레코딩,6
일본,6
동생,6
유선랜,6
assignments,6
registered,6
만족하다,6
알파벳,6
라며,6
remaining,6
적어도,6
Yes,6
칠판,6
생화학,6
째다,6
작곡,6
software,6
내려가다,6
MEDIA,6
그랬는데,6
가리다,6
화공,6
서류,6
단위,6
초가,6
HUMAN,6
스크립트,6
한참,6
랜선,6
전산기,6
기계제도,6
개수,6
탈퇴,6
도착,6
기전,6
만전,6
길이,6
측면,6
mb,6
특이,6
역사,6
첫째,6
루브릭,6
Academic,6
일만,6
붉다,6
출첵,6
면서,6
급격하다,6
끊어지다,6
하고는,6
forum,6
hl,6
본래,6
넘어서다,6
교육조교,6
like,6
As,6
Board,6
item,6
Browse,6
content,6
큐피드,6
침해,6
Thread,6
차지,6
영역,6
이지은,6
number,6
상충,6
예민하다,6
고지,6
만큼의,6
말고는,6
주간,6
와우,6
University,6
does,6
All,6
뒤지다,6
스트레스,6
콜렉션,6
청취,6
이겠다,6
LIBERTY,6
JUSTICE,6
진단,6
사회학,6
Required,6
토요일,6
논리학,6
삼다,6
Monitor,6
도로,6
use,6
앞뒤,6
하이,6
돌려주다,6
ON,6
Class,6
정부,6
방해,6
압축파일,6
폰트,6
적합,6
독해,6
느낌,6
turn,6
수용,6
efa,6
저걸,6
MAC,6
어머,6
누적,6
상일,6
external,6
score,6
하자,6
특론,6
정각,6
에세이,6
배치,6
헬프,6
보고오다,6
박서진,6
complete,6
커뮤니케이션,6
그니까,6
변형,6
가도,6
GERMAN,6
스토어,6
지역,6
selected,6
folder,6
불만,6
교류,6
미래관,6
에다,6
ENGINEERING,6
오늘이,6
One,6
우회,6
해석,6
our,6
contact,6
아프다,6
입력기,6
특이하다,6
재수강,6
하반기,6
Qu,6
Teaching,6
department,6
소비자,6
꼬이다,6
국가,6
소망,6
이대로,6
신기하다,6
COSE,6
신입,6
flashplayer,6
쓴다,6
Attendance,6
포화,6
차오르다,6
꾸준하다,6
모색,6
gle,6
경운,6
조르다,6
TCot,6
xodHyiPLna,6
IaHlKchuZcSHNxcRTPVZEFYenKY,6
미티,6
달기,6
소송,6
vpn,6
directory,6
Log,6
트래킹,5
제물,5
연휴,5
YY,5
MM,5
TXT,5
나요,5
죄송스럽다,5
포트,5
kt,5
괄호,5
분뒤,5
더하다,5
계약,5
연경,5
퀴클리,5
월달,5
어딜,5
나타남,5
step,5
그날,5
사다,5
내용물,5
법도,5
면제,5
고용,5
것입,5
오른,5
각기,5
지칭,5
안뇽,5
cookie,5
고자,5
리다,5
알아내다,5
싸이트,5
전면,5
adobe,5
김현,5
정상인,5
재발,5
이안,5
HISTORY,5
비정상,5
메뉴탭,5
벗어나다,5
익숙하다,5
안함,5
썸네일,5
워크샵,5
개정,5
팅기다,5
한두,5
차갑다,5
시대,5
갑사,5
전통문화,5
Elaborate,5
화창,5
고파스,5
명인,5
유료,5
Business,5
계좌,5
유시,5
식사,5
고해,5
Submit,5
프리징,5
여명,5
which,5
application,5
New,5
MBA,5
점도,5
Xin,5
하고도,5
명정,5
보장,5
군대,5
denied,5
감히,5
조직행동론,5
Preview,5
tools,5
주민,5
지점,5
하기는,5
핵심,5
그리다,5
박소현,5
개입,5
academic,5
일체,5
channel,5
찾아오다,5
대규모,5
느껴지다,5
오랫동안,5
생태,5
치우다,5
창의,5
답신,5
책임,5
재사용,5
지우,5
전자공학,5
예산,5
조합,5
게이지,5
학교폭력,5
산정,5
즉각,5
엑스,5
의사,5
In,5
기울이다,5
인공,5
넣기,5
details,5
그램,5
KUCOM,5
wifi,5
유용근,5
수월하다,5
간간히,5
points,5
possible,5
사선,5
사라,5
위주,5
바이트,5
신속하다,5
필드,5
반면,5
으로서는,5
매시업,5
간편하다,5
기숙사,5
이어도,5
any,5
사의,5
same,5
Breakout,5
sent,5
hwp,5
위험,5
PR,5
보조,5
띄다,5
Files,5
일부러,5
도법,5
PRACTICE,5
학생증,5
회사법,5
명일,5
고장,5
EDUCATION,5
통보,5
attempts,5
구책,5
조명,5
Direct,5
물들다,5
유입,5
믿다,5
도출,5
YOUTUBE,5
다가,5
RELATIONS,5
신고,5
exist,5
위쪽,5
복지,5
드물다,5
남겨지다,5
최저,5
구현,5
사하다,5
할당량,5
패키지,5
만반,5
TRUTH,5
음소거,5
이은서,5
record,5
낮아지다,5
어쨌든,5
체계,5
걸치다,5
부턴,5
require,5
주장,5
per,5
유념,5
되돌리다,5
포인트,5
울리다,5
일과,5
so,5
right,5
randomize,5
LINGUISTICS,5
편리하다,5
overall,5
뽀또님,5
until,5
스퀘어,5
알맞다,5
간호,5
손쉽다,5
일도,5
카운팅,5
통신,5
Tests,5
save,5
Blanks,5
Name,5
띠용,5
Attempt,5
Fill,5
Display,5
필독,5
기억나다,5
어딘가,5
여지,5
물리화학,5
귀책사유,5
알트탭,5
Midterm,5
알집,5
Due,5
유주,5
모임,5
교환,5
해소,5
지윤,5
인도,5
results,5
정규표현식,5
its,5
due,5
흰색,5
ENVIRONMENTAL,5
am,5
INFORMATION,5
FOOD,5
업뎃,5
재현,5
일부분,5
주정,5
고시,5
충족,5
나오니,5
다녀오다,5
제지,5
가중,5
Downloads,5
철학사,5
달이,5
밤새,5
period,5
Can,5
Technical,5
최소한,5
ECON,5
그나저나,5
느끼다,5
카이,5
내년,5
JURA,5
차이다,5
늦음,5
다기,5
계류,5
듀얼모니터,5
감정,5
던지다,5
제어판,5
실질,5
Contemporary,5
보유,5
이동해,5
점점,5
계로,5
university,5
본원,5
동아시아,5
Distance,5
Learning,5
interactive,5
news,5
Role,5
직장,5
회유,5
제약,5
guest,5
협조,5
잖다,5
엄연하다,5
추석,5
하열,5
컴터,5
Cubator,5
생일,5
박준영,5
플러그인,5
작업중,5
위로,5
물어,5
바로바로,5
instructions,5
양재영,5
진쫘,5
호환성,5
권화,5
방침,5
Description,5
name,5
송부합니,5
HRD,5
호출,5
후생유전학,5
무분별,5
editorizer,5
tistory,5
ox,5
negative,5
스페인,5
사장,5
Guide,5
성별,5
등수,5
Numbers,5
Contact,5
Number,4
캐쉬,4
제재,4
iwc,4
대단하다,4
김인,4
맛점,4
온라인강좌,4
Dec,4
Development,4
장시간,4
problem,4
마킹,4
eku,4
선형대수학,4
하비다,4
유혜정,4
풀기,4
ab,4
서나,4
밖에는,4
나가야,4
정원,4
자도,4
mode,4
아래쪽,4
김민호,4
내려놓다,4
넘겨주다,4
TEST,4
가하다,4
식별,4
전자기,4
에디터,4
취득,4
CSRF,4
매기,4
예입,4
과부,4
조성,4
PRINCIPLES,4
request,4
KALTURA,4
소설,4
폴링,4
FINANCE,4
know,4
저가,4
후속,4
온라인수업,4
애매하다,4
documentcloud,4
track,4
uri,4
urn,4
aaid,4
scds,4
fc,4
경제사,4
회계,4
진경,4
플러스,4
did,4
회선,4
아리,4
버스,4
여실,4
회화,4
우상,4
대시,4
산책,4
방송,4
약하다,4
강독,4
좌당,4
지희,4
야간,4
오리엔테이션,4
민사재판,4
GENERAL,4
김미라,4
독일어,4
무선랜,4
로고스,4
혼돈,4
쪼록,4
BIOLOGY,4
김하늘,4
에브리,4
미시경제,4
이보,4
정현,4
휴대폰번호,4
메다,4
세요,4
소스코드,4
소스,4
수린,4
상대,4
펴다,4
iPhone,4
회계학,4
음질,4
노랗다,4
엉뚱하다,4
곱다,4
LTI,4
저작권법,4
위원회,4
blocking,4
issue,4
Schedule,4
이모티콘,4
아넵,4
block,4
크림슨색,4
동선,4
allowed,4
타입,4
message,4
스케쥴,4
워닝,4
치가,4
Enroll,4
능이,4
점선,4
장선호,4
치룰,4
project,4
previewuser,4
학업,4
녹색,4
graded,4
컬러,4
현승,4
ADVANCED,4
합격,4
CEO,4
셋팅해,4
Is,4
요렇게,4
사랑,4
쿨팁,4
창업,4
Settings,4
see,4
협동,4
일인,4
중문,4
english,4
SCIENCE,4
맥북에어,4
enroll,4
심각하다,4
Session,4
번항목,4
converting,4
남고,4
강시,4
디스플레이,4
뵈다,4
LIET,4
ok,4
머무르다,4
경선,4
유체역학,4
까만색,4
의공학,4
SPECIAL,4
TOPICS,4
AMERICAN,4
BUSINESS,4
서치,4
나아가다,4
격교욱,4
THEORY,4
김재,4
스타트업,4
실강,4
절반,4
헤드셋,4
불안,4
어짜피,4
건축,4
시연,4
건물,4
QnA,4
xls,4
리셋,4
BIOMEDICAL,4
LG,4
정확,4
피드,4
구별,4
중심,4
수준,4
bf,4
연관,4
디자인,4
만드나,4
upload,4
work,4
Download,4
분자,4
심려,4
인용,4
김유진,4
Today,4
카운트,4
독스,4
미루다,4
나눠지다,4
gallery,4
KB,4
일어나서,4
깔끔하다,4
관점,4
geli,4
생각나다,4
webcam,4
how,4
automatically,4
모이다,4
Activity,4
중순,4
작동시키다,4
줄어들다,4
Collection,4
참고자료,4
지나가다,4
Hosts,4
프로파일,4
축소,4
행정학,4
세원,4
교권,4
용하다,4
find,4
make,4
used,4
now,4
records,4
스러운,4
차질,4
차서,4
체킹,4
연구자,4
보도,4
개인컴퓨터,4
참다,4
이시고,4
Wifi,4
안눌려,4
야합,4
Time,4
미흡하다,4
웹브라우저,4
개중,4
특별,4
비추다,4
취하,4
전통,4
이루다,4
end,4
합동,4
윤민수,4
ZIP,4
다중탭,4
노사,4
구가,4
레코드,4
Elements,4
새탭,4
YouTube,4
tool,4
항일,4
back,4
컨택,4
확언,4
함부로,4
주전,4
불허,4
Require,4
Close,4
MUSIC,4
de,4
third,4
매년,4
한주,4
Start,4
체크표시,4
auto,4
시선,4
요새,4
살짝,4
CTL,4
ve,4
get,4
login,4
Complete,4
윈도우즈,4
가복,4
지론,4
게임,4
계산기,4
안남,4
Ultra,4
어학,4
button,4
below,4
has,4
역사교육,4
감쟈합니,4
셋팅하,4
멋지다,4
휴강,4
끝내,4
내외,4
원형,4
감다,4
쉽다,4
me,4
씌우다,4
yes,4
채원,4
제생,4
CULTURE,4
세로줄,4
TOTAL,4
online,4
범죄,4
에어,4
테이블,4
이처럼,4
알트,4
환하다,4
임박,4
군요,4
서울대,4
거고,4
효과,4
지지,4
groups,4
특정하다,4
신화,4
partial,4
을해,4
두서,4
PM,4
성인,4
공격,4
마침,4
늘어지다,4
공업,4
갤럭시탭,4
취합하,4
nate,4
장담,4
경영정보,4
SYSTEMS,4
사태,4
성격심리학,4
본적,4
놀래다,4
아카이브,4
너무나,4
수확,4
이화,4
version,4
어쩐지,4
process,4
php,4
게속,4
default,4
RESEARCH,4
정작,4
space,4
잊어버리다,4
Survey,4
슬래시,4
errorKey,4
internal,4
errorMessage,4
Something,4
broken,4
side,4
의거,4
Zip,4
단추,4
이의,4
분일,4
하필,4
래야,4
SL,4
도우미,4
blog,4
DATA,4
닿다,4
메모장,4
이수자,4
머선,4
articles,4
Virtual,4
지요,4
날씨,4
튕겼다,4
DISS,4
Luo,4
분위,4
Testing,4
만족도,4
굉장하다,4
Tserendorj,4
Erkhembayar,4
유출,4
장학금,4
법규,4
ssamdak,4
컨디션,4
베타,4
신뢰,4
세법,4
대행,4
How,4
Education,4
Enable,4
On,4
assistant,4
Assistant,4
LIVE,4
관료제,4
집단,4
히스토리,4
깊이,4
학회,4
사업,4
체육,4
비둘기호,4
돌이,4
소재,4
jaejinso,4
알고리즘,4
간략하다,4
의자,4
정중하다,4
안정화,4
비롯,4
품질,4
TECHNOLOGY,4
한가위,4
요일,4
생강,4
생체,4
대한민국,4
하든,4
STUDENTS,4
우와,4
주도,4
먹히다,4
최대로,4
received,4
트스,4
Moderator,4
홍길동,4
화나다,4
라고만,4
유정,4
번하다,4
잘만,4
LTE,4
coursework,4
가독성,4
atlassian,4
spaces,4
pages,4
양적연구,4
환산,4
발음,4
피해,4
솔직하다,4
오가다,4
accounts,4
맥락,4
CONSTITUTIONAL,4
접속기,4
기와,4
아시,4
에여,4
라틴아메리카,4
짜증,4
패킷,4
대체공휴일,4
너무하다,4
운전,4
아이피,4
canvas,4
cuhk,4
AC,4
오기,4
호호,4
installshield,4
wizard,4
배터리,4
학위,4
자능,4
유사성,4
아오,4
안쓰럽다,4
Filter,4
unavailable,4
갈색,4
띄우기,4
when,4
Launch,4
실용,4
내규,4
사과문,4
Emerging,4
Industry,4
Case,4
confirmation,4
Title,4
safeassign,4
절레절레,4
SURFACE,4
엄상,4
심상,4
Export,4
RcEngMgr,4
description,4
granted,4
regular,4
undergraduate,4
요점,3
지적재산권,3
파이팅,3
미분적분학,3
거여,3
지라,3
CAREER,3
해주,3
teaching,3
다람쥐,3
IMSC,3
그다음,3
fa,3
fb,3
퀵클리,3
중이므,3
single,3
소용,3
기자,3
신임,3
pw,3
간섭,3
blank,3
거울,3
칭찬,3
token,3
사이드바,3
Institution,3
리가,3
매다,3
성북구,3
안암로,3
aDI,3
군데,3
김수현,3
어쩌구,3
DCCS,3
자료구조,3
유전학,3
스니펫,3
반갑다,3
컨트롤,3
익히다,3
몰리,3
each,3
드롭박스,3
조인,3
오형엽,3
kultura,3
이랑은,3
만하,3
공정,3
신가,3
room,3
현대문학,3
재밌다,3
거구,3
나가시,3
인트,3
오라,3
가신,3
유플러스,3
김형,3
돋보기,3
라이브,3
헤매다,3
Zuosimin,3
뚫다,3
영미,3
국어학,3
Announcements,3
시계,3
교육평가,3
이현정,3
ORGANIC,3
대의,3
통계물리학,3
베너,3
마다의,3
Ku,3
션스,3
편입,3
word,3
재무회계,3
익스,3
플로,3
Portal,3
index,3
원부,3
이창,3
아디,3
전문가,3
햇습니,3
커뮤,3
사운드,3
아홉시,3
정신건강,3
다루다,3
운동,3
계쏙,3
resolve,3
정재호,3
정은,3
소장,3
화목,3
넉넉하다,3
고고학,3
군용,3
이은비,3
가안,3
용어,3
성법,3
덜하다,3
저하,3
인대,3
김건,3
공중보건학,3
체점,3
Answers,3
전날,3
율과,3
동그랗다,3
move,3
courses,3
양쪽,3
생산,3
작성중,3
play,3
marcato,3
주황색,3
nd,3
last,3
고치,3
합의,3
Rudolf,3
몰래,3
Review,3
여신,3
으악,3
칼퇴,3
정정은,3
사회과학,3
답톡,3
모레,3
까다롭다,3
칼라,3
대쉬,3
용다,3
어쩌,3
Xinics,3
FUTURE,3
iorad,3
mic,3
여기저기,3
Email,3
NEW,3
repeat,3
강인,3
개편,3
해상도,3
KG,3
후의,3
부상,3
Spring,3
LAB,3
번복,3
계량,3
이수연,3
회정,3
끊임없다,3
교체,3
김세연,3
농구,3
재정,3
부터의,3
접근권,3
그리기,3
참관,3
단원,3
예제,3
간만,3
USB,3
도표,3
빨르다,3
유실,3
화의,3
atdtest,3
빨강,3
효율,3
소중하다,3
안전,3
간전,3
PHEK,3
PROCEDURE,3
까지라고,3
ba,3
environments,3
전과,3
SCIENCES,3
가게,3
duration,3
hosts,3
에가,3
과학부,3
LIFE,3
타이틀,3
BASIC,3
EXERCISE,3
SOCIETY,3
침범,3
어어,3
떠오르다,3
동료평가,3
DNA,3
associated,3
김학,3
김민기,3
Present,3
시리다,3
으로써는,3
잡음,3
신자,3
하이퍼링크,3
href,3
엊그제,3
유난히,3
금제,3
곧바로,3
co,3
GENIE,3
Platform,3
Thank,3
environment,3
And,3
captured,3
show,3
윤정,3
대조,3
기쁘다,3
글꼴,3
지켜보다,3
교직,3
Bb,3
수정과,3
박성준,3
직결,3
따로따로,3
문의량,3
호명,3
STUDIES,3
desk,3
io,3
ctl,3
LEISURE,3
화상회의,3
저작물,3
동아시아사,3
Hi,3
them,3
would,3
progress,3
only,3
viewing,3
리스,3
에이,3
comment,3
난후,3
스토리,3
세상,3
전제,3
그저께,3
정영진,3
이선화,3
조그맣다,3
연도,3
박지영,3
jiyoungpark,3
hotmail,3
배려,3
delete,3
지선,3
OFF,3
요로,3
원만하다,3
KMBA,3
장난,3
투자,3
구라,3
구글링,3
인정받다,3
이나마,3
차분하다,3
행복,3
공공정책,3
비즈니스,3
재트리버,3
완강,3
인제,3
억울하다,3
Fail,3
밟다,3
유예,3
부문,3
년전,3
안지,3
AM,3
내야,3
청해,3
철철,3
가려진,3
신소재공학,3
독수리,3
zvezda,3
calling,3
로스쿨,3
짤려,3
용지,3
근무시간,3
수로,3
Turn,3
소실,3
fix,3
한도,3
em,3
adblock,3
배율,3
Step,3
시정,3
통제,3
voicethread,3
지체,3
원활,3
뽀또,3
미지,3
submitted,3
프리즈,3
timer,3
널리,3
이민서,3
두께,3
암튼,3
watched,3
lectures,3
Video,3
list,3
if,3
professor,3
such,3
준영,3
ai,3
확신,3
정상처리,3
quiz,3
exams,3
through,3
Lecture,3
begin,3
NeMo,3
행태,3
Brower,3
피곤하다,3
수없이,3
힙니,3
그치다,3
가깝다,3
Setting,3
악용,3
명칭,3
bit,3
환경설정,3
듯이,3
플래그,3
Private,3
지웅,3
Main,3
재무,3
sensitive,3
오차,3
호순,3
가려지다,3
부인,3
재체,3
행렬,3
뛰다,3
짙다,3
삼각형,3
체험,3
최악,3
오마이갓,3
Force,3
어쩌나,3
모음,3
나타,3
작업표시줄,3
Total,3
뺏다,3
전적,3
어쨋,3
로라,3
completed,3
운영자,3
자퇴,3
박지민,3
Your,3
기용,3
오진,3
드디어,3
등장,3
비밀,3
창구,3
섞다,3
text,3
Canvas,3
Text,3
성공,3
중국인,3
인후,3
김지영,3
책임지다,3
불리다,3
개월,3
Apr,3
need,3
마시다,3
otp,3
specified,3
causes,3
exceed,3
quota,3
휴일,3
대관,3
디도스,3
개요,3
튜터,3
ce,3
튕긴,3
터지다,3
조현준,3
깜박,3
젭알,3
협업,3
공공장소,3
action,3
습니,3
MATERIAL,3
비트,3
고고,3
청도,3
청탁,3
금지법,3
번인,3
PSYCHOLOGY,3
INTEGRAL,3
UNDERSTANDINGS,3
SUSTAINAB,3
Assessments,3
이지예,3
한국사,3
에듀,3
예정일,3
direct,3
Information,3
소유자,3
띄엄띄엄,3
라야,3
Organization,3
동해,3
오프,3
예스,3
짜증나다,3
cancel,3
internet,3
멀티,3
에구,3
바르게,3
노출하다,3
시속,3
당혹스럽다,3
ATTEMPT,3
DUE,3
LATE,3
시한,3
Date,3
주년,3
기념,3
wjdwls,3
hc,3
잘되지,3
요가,3
Feedback,3
History,3
Jiali,3
hk,3
expired,3
should,3
의학과,3
down,3
생리학,3
귀하,3
Korean,3
병합,3
weighted,3
몽골,3
FINAL,3
애석하다,3
써머,3
스쿨,3
통째,3
양윤,3
부와,3
소유,3
참관인,3
슴니,3
장공,3
Facilitator,3
Jung,3
What,3
semester,3
what,3
removed,3
Could,3
before,3
가득하다,3
youngwonhahn,3
진동,3
계산화학,3
지지난,3
확산,3
굿굿,3
요구사항,3
부의,3
wait,3
공적,3
불찰,3
스팸메일,3
동역학,3
looking,3
OMG,3
CHIN,3
이상현,3
서하면,3
넓다,3
레디스,3
트림,3
chap,3
카탈로그,3
까오,3
개도,3
웬만하다,3
평상시,3
의학,3
도비,3
marcomx,3
그림판,3
미생물학,3
감동,3
passcode,3
fall,3
길어지다,3
아이디어,3
시전,3
수학과,3
일견,3
식당,3
고구마,3
맛탕,3
전자회로,3
으로나,3
성하,3
au,3
bbcollab,3
중국혁명,3
강용,3
반복기,3
Guest,3
정선,3
bgchoi,3
legacy,3
옛날,3
유일하다,3
발달,3
구래,3
First,3
checking,3
블루,3
비활,3
kg,3
짚다,3
물개,3
초단,3
모호하다,3
당부,3
민사,3
SAML,3
민주주의,3
금보,3
응응,3
대륙,3
에딧,3
것임,3
LESE,3
나나,3
착하다,3
SCHOOL,3
박상수,3
기계학습,3
팔레트,3
캄지,3
방기,3
노이즈,3
내지,3
직위,3
private,3
actions,3
새끼,3
궁금,3
국내,3
aship,3
밝다,3
캐피,3
요것,3
너무나도,3
멀리,3
초도,3
form,3
There,3
BC,3
참신하다,3
진작,3
Wi,3
Fi,3
쿨하다,3
식물,3
영구,3
loading,3
떤다,3
receive,3
For,3
인력,3
Professors,3
경황,3
DNS,3
정품,3
레이아웃,3
선형대수,3
쒸익,3
similarity,3
성격,3
영산,3
머리,3
불확실하다,3
소름,3
EverLec,3
삼가다,3
고문,3
리나,3
이신가,3
떠나다,3
html,3
책점,3
치기,3
세시,3
virtual,3
버추,3
페러럴즈,3
이구나,3
feedback,3
선제,3
GELA,3
엄창섭,3
편지함,3
이재혁,3
신창섭,3
EEL,3
측정,3
Strategic,3
Trends,3
Global,3
사생,3
모의유엔,3
Digital,3
Transformation,3
표면처리,3
그르게,3
회상,3
Exceptions,3
괴롭힘,3
배부,3
이정일,3
정본,3
적자,3
무섭다,3
instruction,3
베이글,3
When,3
삭이다,3
홀딩,3
성시간,3
배윤재입니,3
Pop,3
numbers,3
Excel,3
맴버쉽,3
Info,3
